-- phpMyAdmin SQL Dump
-- version 5.2.1
-- https://www.phpmyadmin.net/
--
-- 主機： localhost
-- 產生時間： 2024 年 07 月 31 日 15:43
-- 伺服器版本： 10.4.28-MariaDB
-- PHP 版本： 8.2.4

SET SQL_MODE = "NO_AUTO_VALUE_ON_ZERO";
START TRANSACTION;
SET time_zone = "+00:00";


/*!40101 SET @OLD_CHARACTER_SET_CLIENT=@@CHARACTER_SET_CLIENT */;
/*!40101 SET @OLD_CHARACTER_SET_RESULTS=@@CHARACTER_SET_RESULTS */;
/*!40101 SET @OLD_COLLATION_CONNECTION=@@COLLATION_CONNECTION */;
/*!40101 SET NAMES utf8mb4 */;

--
-- 資料庫： `mfeeDB`
--

-- --------------------------------------------------------

--
-- 資料表結構 `cafeBooking`
--

CREATE TABLE `cafeBooking` (
  `cafeBookingID` int(11) NOT NULL,
  `bookingExist` tinyint(4) DEFAULT 1,
  `bookingDate` datetime DEFAULT NULL,
  `bookingTimePeriod` datetime DEFAULT NULL,
  `bookingNumber` smallint(6) DEFAULT NULL,
  `bookingName` varchar(100) DEFAULT NULL,
  `bookingEmail` varchar(100) DEFAULT NULL,
  `bookingTel` varchar(50) DEFAULT NULL
) ENGINE=InnoDB DEFAULT CHARSET=utf8mb4 COLLATE=utf8mb4_general_ci;

--
-- 傾印資料表的資料 `cafeBooking`
--

INSERT INTO `cafeBooking` (`cafeBookingID`, `bookingExist`, `bookingDate`, `bookingTimePeriod`, `bookingNumber`, `bookingName`, `bookingEmail`, `bookingTel`) VALUES
(1, 1, '2024-08-14 13:11:24', '2024-07-16 11:00:00', 1, '沈寅軒', 'xsiyiul@gmail.com', '0918952184'),
(2, 1, '2024-07-14 14:10:19', '2024-07-03 15:00:00', 4, '許軒癸', 'zjrarcr@mail.com', '0919851603'),
(3, 1, '2024-07-14 03:32:40', '2024-07-15 11:00:00', 3, '許飛玉', 'pxjkoep@hotmail.com', '0930699695'),
(4, 0, '2024-07-03 22:30:15', '2024-08-10 16:00:00', 4, '呂奎奎', 'desectn@gmail.com', '0992993705'),
(5, 1, '2024-07-09 11:03:55', '2024-08-14 11:00:00', 2, '陶景東', 'eleshcr@aol.com', '0949916995'),
(6, 1, '2024-07-30 02:03:06', '2024-07-20 11:00:00', 4, '何佩軒', 'mtjuemf@gmail.com', '0951143125'),
(7, 1, '2024-07-26 14:11:01', '2024-07-22 13:00:00', 3, '楊寅寅', 'oqzifbl@aol.com', '0980808362'),
(8, 1, '2024-07-07 02:49:47', '2024-07-02 10:00:00', 1, '尤德林', 'zbbxwaw@gmail.com', '0922267559'),
(9, 1, '2024-08-26 00:32:55', '2024-07-22 13:00:00', 3, '王章飛', 'qrqpkks@yahoo.com', '0949931744'),
(10, 1, '2024-08-04 21:10:17', '2024-07-06 11:00:00', 3, '朱進進', 'yfrpstu@yahoo.com', '0976348637'),
(11, 1, '2024-07-04 20:48:21', '2024-07-31 11:00:00', 2, '楊葵癸', 'sslgxmh@yahoo.com', '0905003051'),
(12, 1, '2024-07-21 02:36:18', '2024-07-12 12:00:00', 3, '李佩軒', 'pbidbsa@gmail.com', '0992180255'),
(13, 1, '2024-08-22 07:52:35', '2024-07-05 16:00:00', 4, '沈士佩', 'judreeo@gmail.com', '0929955628'),
(14, 1, '2024-08-22 04:52:15', '2024-08-10 11:00:00', 4, '沈吾丁', 'wegtedp@mail.com', '0985992560'),
(15, 1, '2024-07-25 08:13:01', '2024-07-17 14:00:00', 4, '楊丁林', 'jbapahq@hotmail.com', '0935333632'),
(16, 1, '2024-08-14 04:25:01', '2024-08-07 12:00:00', 2, '尤斗景', 'neayghf@mail.com', '0982427803'),
(17, 1, '2024-07-12 15:53:04', '2024-08-22 13:00:00', 1, '吳斗葵', 'zwjrdpo@hotmail.com', '0980398526'),
(18, 1, '2024-07-14 21:47:57', '2024-07-24 12:00:00', 1, '嚴葵丙', 'ncmctno@aol.com', '0975052318'),
(19, 1, '2024-08-03 20:48:08', '2024-08-10 11:00:00', 3, '楊文章', 'orvltdf@hotmail.com', '0976734994'),
(20, 1, '2024-07-22 02:50:16', '2024-08-31 15:00:00', 2, '馮奎文', 'sqnfqxw@mail.com', '0911454702'),
(21, 1, '2024-08-04 09:29:53', '2024-08-14 12:00:00', 1, '陳進丁', 'muabibw@aol.com', '0992714004'),
(22, 1, '2024-07-04 19:36:44', '2024-08-15 11:00:00', 1, '孔丙士', 'lctqdvd@yahoo.com', '0915322688'),
(23, 1, '2024-08-16 09:30:19', '2024-07-18 11:00:00', 1, '吳吾豫', 'blfcvgm@yahoo.com', '0987294683'),
(24, 1, '2024-08-11 20:11:40', '2024-08-15 14:00:00', 1, '嚴卿丙', 'uuextaa@mail.com', '0917807790'),
(25, 1, '2024-07-02 22:38:28', '2024-07-03 12:00:00', 4, '孔軒玉', 'ftodkwo@yahoo.com', '0987792118'),
(26, 1, '2024-08-14 19:47:59', '2024-08-15 12:00:00', 1, '曹丁玉', 'hxrtyri@hotmail.com', '0908409632'),
(27, 1, '2024-07-07 08:02:29', '2024-07-23 14:00:00', 1, '韓東癸', 'zvkhflb@gmail.com', '0914052254'),
(28, 1, '2024-07-30 11:20:44', '2024-07-08 16:00:00', 2, '嚴章丙', 'lptabbd@mail.com', '0919518568'),
(29, 1, '2024-07-31 10:47:43', '2024-08-21 14:00:00', 3, '韓德章', 'aqatyww@yahoo.com', '0919670448'),
(30, 1, '2024-07-06 17:36:02', '2024-08-25 16:00:00', 2, '鄭卿進', 'mkfnxuj@yahoo.com', '0984525836'),
(31, 1, '2024-07-13 20:50:44', '2024-08-14 10:00:00', 1, '錢飛卿', 'uplylqr@hotmail.com', '0951224021'),
(32, 1, '2024-07-09 05:16:20', '2024-08-11 11:00:00', 3, '曹飛飛', 'lddlztu@mail.com', '0937923368'),
(33, 1, '2024-07-11 18:12:06', '2024-07-05 11:00:00', 1, '蔣吾奎', 'qqmlffa@aol.com', '0937533710'),
(34, 1, '2024-07-01 12:09:05', '2024-08-18 16:00:00', 2, '施斗章', 'ittpgok@gmail.com', '0954606085'),
(35, 1, '2024-08-17 22:46:26', '2024-07-26 12:00:00', 1, '褚癸丁', 'mtdgupy@gmail.com', '0991611354'),
(36, 1, '2024-07-01 12:36:25', '2024-07-17 14:00:00', 4, '許寅卿', 'qxgtliv@mail.com', '0963564624'),
(37, 1, '2024-08-18 03:10:15', '2024-07-20 14:00:00', 2, '趙吾章', 'ismhqgg@gmail.com', '0986550372'),
(38, 1, '2024-08-04 04:38:40', '2024-08-29 10:00:00', 4, '許吾東', 'ijwyffv@gmail.com', '0989435631'),
(39, 1, '2024-08-31 14:19:51', '2024-07-06 15:00:00', 2, '呂丁佩', 'kwezbyh@mail.com', '0916498482'),
(40, 0, '2024-07-16 08:20:30', '2024-07-08 16:00:00', 4, '錢卿寅', 'lccbmsj@gmail.com', '0987018174'),
(41, 1, '2024-07-08 16:39:28', '2024-08-02 10:00:00', 4, '孔寅丁', 'wexhivc@mail.com', '0988980522'),
(42, 1, '2024-08-06 13:27:40', '2024-07-26 16:00:00', 1, '何寅丁', 'mjozqcm@aol.com', '0974902242'),
(43, 1, '2024-07-03 01:00:58', '2024-07-12 15:00:00', 1, '呂景寅', 'uzrrsxd@yahoo.com', '0919142271'),
(44, 1, '2024-08-16 23:04:13', '2024-08-29 12:00:00', 1, '吳文吾', 'ovgnlpc@gmail.com', '0931923129'),
(45, 1, '2024-08-02 16:49:22', '2024-08-21 13:00:00', 4, '許玉章', 'bbbtnmv@hotmail.com', '0934207711'),
(46, 1, '2024-07-28 14:20:50', '2024-08-08 12:00:00', 4, '錢葵士', 'kzadxzf@mail.com', '0916314398'),
(47, 1, '2024-07-06 19:46:40', '2024-08-01 12:00:00', 4, '吳飛林', 'uaultxj@yahoo.com', '0997507157'),
(48, 1, '2024-08-22 02:01:21', '2024-08-30 10:00:00', 4, '金癸章', 'kimkiin@mail.com', '0932572521'),
(49, 1, '2024-07-20 19:13:02', '2024-08-06 16:00:00', 1, '韓林豫', 'obfympn@aol.com', '0995320570'),
(50, 1, '2024-07-06 23:47:05', '2024-08-10 14:00:00', 4, '呂丁章', 'nsoayra@gmail.com', '0999002773'),
(51, 1, '2024-07-26 19:05:44', '2024-07-29 15:00:00', 30, 'bob', 'bobchen@gmail.com', '0912143221'),
(52, 1, '2024-07-26 19:07:25', '2024-07-29 12:00:00', 30, 'marychen', 'marychen@gmail.com', '0922986909'),
(54, 1, '2024-08-31 11:23:16', '2024-07-07 12:00:00', 1, '施癸葵', 'msjkfmc@mail.com', '0926781992'),
(55, 1, '2024-08-30 01:50:51', '2024-07-09 12:00:00', 1, '張葵軒', 'obdwnyt@mail.com', '0922945544'),
(56, 1, '2024-08-09 21:14:01', '2024-08-28 10:00:00', 4, '蔣德聖', 'plndqcw@aol.com', '0939505175'),
(57, 1, '2024-08-17 04:37:10', '2024-08-16 14:00:00', 3, '楊癸飛', 'tkyulza@aol.com', '0906849635'),
(58, 1, '2024-08-10 01:19:59', '2024-07-23 14:00:00', 4, '陶癸聖', 'oaebkll@mail.com', '0944528096'),
(59, 1, '2024-08-14 21:40:01', '2024-08-12 13:00:00', 1, '孫德飛', 'kqsibgr@gmail.com', '0977068742'),
(60, 1, '2024-08-24 20:13:05', '2024-08-20 15:00:00', 2, '趙丙丙', 'ymuxnjp@hotmail.com', '0977199200'),
(61, 1, '2024-08-08 13:40:39', '2024-08-07 13:00:00', 2, '嚴豫章', 'fnxexkf@aol.com', '0997428615'),
(62, 1, '2024-07-29 01:06:59', '2024-08-18 14:00:00', 2, '曹吾景', 'sbnqada@aol.com', '0966328286'),
(63, 1, '2024-07-25 14:17:17', '2024-07-24 10:00:00', 1, '王林進', 'qkroqof@aol.com', '0993472512'),
(64, 1, '2024-07-20 12:50:01', '2024-08-23 14:00:00', 2, '沈士玉', 'vcykwlt@hotmail.com', '0931614494'),
(65, 0, '2024-07-20 03:11:06', '2024-07-14 15:00:00', 3, '趙葵東', 'hctzquo@gmail.com', '0967188348'),
(66, 1, '2024-08-01 06:17:24', '2024-07-04 15:00:00', 1, '施軒豫', 'xcrtdwx@yahoo.com', '0922278060'),
(67, 1, '2024-07-06 07:59:11', '2024-08-18 16:00:00', 3, '陳章德', 'udpwhxh@gmail.com', '0942067102'),
(68, 1, '2024-07-06 18:18:14', '2024-08-05 10:00:00', 2, '嚴丁玉', 'dyjkaip@hotmail.com', '0989940890'),
(69, 1, '2024-07-09 12:39:39', '2024-07-09 14:00:00', 3, '魏東卿', 'ybpiqry@gmail.com', '0971518218'),
(70, 1, '2024-08-14 18:12:51', '2024-07-25 11:00:00', 4, '沈聖葵', 'ifegobk@aol.com', '0917027949'),
(71, 1, '2024-08-29 23:00:20', '2024-07-29 16:00:00', 2, '褚佩東', 'tlbdned@gmail.com', '0952155959'),
(72, 1, '2024-08-10 20:04:42', '2024-08-14 10:00:00', 4, '褚景吾', 'dwrogxb@mail.com', '0973064775'),
(74, 1, '2024-08-09 21:18:26', '2024-07-02 10:00:00', 2, '陳進葵', 'imukvir@mail.com', '0991371918'),
(75, 1, '2024-07-19 13:43:30', '2024-08-07 16:00:00', 2, '鄭飛林', 'nirtdwk@aol.com', '0962171787'),
(76, 1, '2024-08-27 00:46:35', '2024-08-20 15:00:00', 3, '許丙玉', 'khckpgv@yahoo.com', '0961720616'),
(77, 1, '2024-07-25 21:19:02', '2024-07-13 14:00:00', 2, '尤丙東', 'tbcfybg@yahoo.com', '0952385684'),
(78, 1, '2024-08-04 13:09:34', '2024-07-16 12:00:00', 4, '沈景軒', 'lbstlpz@aol.com', '0948934154'),
(79, 1, '2024-07-26 13:12:15', '2024-07-06 12:00:00', 2, '孫士軒', 'lfuugkj@aol.com', '0943075061'),
(80, 1, '2024-07-15 18:29:49', '2024-08-15 12:00:00', 4, '陶士丁', 'ketjxoz@aol.com', '0966154277'),
(81, 1, '2024-08-29 15:36:36', '2024-08-30 16:00:00', 4, '王丁卿', 'fyejikt@aol.com', '0906060862'),
(82, 1, '2024-07-20 00:16:01', '2024-08-11 10:00:00', 3, '孫進士', 'xxwthtm@aol.com', '0901457725'),
(83, 1, '2024-07-16 05:39:49', '2024-08-08 10:00:00', 2, '趙士奎', 'bkmewtp@hotmail.com', '0986900734'),
(84, 1, '2024-07-01 05:43:19', '2024-07-28 14:00:00', 2, '衛景寅', 'pizxlln@hotmail.com', '0991692409'),
(85, 1, '2024-08-15 14:43:08', '2024-07-04 16:00:00', 4, '衛斗東', 'xjlleot@aol.com', '0911815150'),
(86, 1, '2024-08-16 14:42:58', '2024-08-14 15:00:00', 4, '秦士德', 'oxwsewe@mail.com', '0999255554'),
(87, 1, '2024-08-10 12:31:24', '2024-07-21 16:00:00', 3, '曹軒奎', 'mhweahj@hotmail.com', '0972256361'),
(88, 1, '2024-07-10 15:41:32', '2024-08-16 15:00:00', 1, '曹吾吾', 'fdetehv@hotmail.com', '0910386190'),
(89, 1, '2024-08-29 15:58:57', '2024-08-06 11:00:00', 4, '褚玉聖', 'zccvkpn@mail.com', '0939071392'),
(90, 1, '2024-07-20 02:42:10', '2024-08-11 16:00:00', 2, '許玉斗', 'xpvmwcr@aol.com', '0940902912'),
(91, 1, '2024-07-29 06:33:00', '2024-07-13 12:00:00', 3, '陶豫景', 'yslfmza@mail.com', '0983410096'),
(92, 1, '2024-08-31 03:47:26', '2024-08-21 14:00:00', 4, '朱林飛', 'exuprrj@gmail.com', '0988072332'),
(93, 1, '2024-08-14 02:26:06', '2024-08-29 14:00:00', 2, '秦東林', 'seylasy@yahoo.com', '0944248801'),
(94, 1, '2024-07-30 22:50:33', '2024-08-14 11:00:00', 2, '魏東聖', 'opjwfja@mail.com', '0964467680'),
(95, 0, '2024-07-27 08:04:26', '2024-07-06 12:00:00', 2, '孫癸葵', 'eisoymc@gmail.com', '0937394353'),
(96, 1, '2024-07-03 15:44:20', '2024-07-27 15:00:00', 2, '張士卿', 'ooaxfie@hotmail.com', '0952583401'),
(97, 1, '2024-08-25 03:00:35', '2024-07-30 13:00:00', 4, '何德飛', 'xpvaefl@mail.com', '0982980093'),
(98, 1, '2024-07-08 01:25:53', '2024-08-26 10:00:00', 2, '馮奎文', 'vdleubk@aol.com', '0932027089'),
(99, 1, '2024-07-18 15:44:41', '2024-07-01 10:00:00', 1, '馮奎寅', 'inmvunj@hotmail.com', '0949029166'),
(100, 1, '2024-07-06 19:24:05', '2024-07-13 11:00:00', 3, '沈丙吾', 'ezkvypb@yahoo.com', '0932234664'),
(101, 1, '2024-08-28 18:21:45', '2024-08-04 15:00:00', 4, '鄭丁卿', 'kmzhrlj@yahoo.com', '0986887117'),
(102, 1, '2024-08-07 19:48:52', '2024-08-17 13:00:00', 4, '秦進奎', 'lqngbqr@hotmail.com', '0907017570'),
(104, 1, '2024-07-28 06:41:11', '2024-08-15 11:00:00', 3, '曹東葵', 'kzeephr@hotmail.com', '0905053220'),
(105, 1, '2024-08-24 19:27:16', '2024-07-05 14:00:00', 4, '許章東', 'xmdlhbd@yahoo.com', '0945117410'),
(106, 1, '2024-08-16 14:54:19', '2024-08-09 12:00:00', 2, '呂丙林', 'txrbvwb@yahoo.com', '0937838702'),
(107, 1, '2024-08-28 15:25:01', '2024-07-07 16:00:00', 2, '李癸林', 'sjanfuf@gmail.com', '0921238327'),
(108, 1, '2024-08-28 07:32:58', '2024-08-20 16:00:00', 1, '王文吾', 'eadtitz@mail.com', '0928137686'),
(109, 1, '2024-08-14 11:12:12', '2024-07-27 16:00:00', 2, '韓寅寅', 'knbudge@yahoo.com', '0985545796'),
(110, 1, '2024-08-27 22:25:25', '2024-08-02 11:00:00', 1, '陶寅玉', 'jsbxner@mail.com', '0961692948'),
(111, 0, '2024-07-16 08:54:05', '2024-07-27 15:00:00', 3, '嚴林佩', 'itisuvj@aol.com', '0972099408'),
(112, 1, '2024-08-10 09:39:40', '2024-08-18 10:00:00', 3, '姜軒奎', 'sgridtl@mail.com', '0996850484'),
(113, 1, '2024-08-02 10:01:49', '2024-07-29 13:00:00', 4, '嚴葵景', 'ubnjddm@gmail.com', '0981599439'),
(114, 1, '2024-07-12 00:51:27', '2024-08-02 10:00:00', 3, '韓飛斗', 'qrihkuw@aol.com', '0990420936'),
(115, 1, '2024-07-24 21:42:31', '2024-07-31 10:00:00', 4, '華豫林', 'vopjntk@hotmail.com', '0971355116'),
(116, 1, '2024-07-03 21:30:41', '2024-07-28 16:00:00', 2, '曹葵佩', 'wklvbyk@yahoo.com', '0960643347'),
(117, 1, '2024-07-26 06:06:53', '2024-07-21 15:00:00', 2, '呂飛卿', 'zawoqqm@aol.com', '0965681837'),
(118, 1, '2024-07-25 01:59:29', '2024-07-12 16:00:00', 2, '蔣軒豫', 'oslwuax@aol.com', '0982307152'),
(119, 1, '2024-07-04 04:04:44', '2024-07-05 16:00:00', 3, '嚴吾佩', 'tizocsx@yahoo.com', '0926226124'),
(120, 1, '2024-08-15 10:57:07', '2024-08-04 13:00:00', 3, '陶進章', 'kgtflbq@mail.com', '0930614409'),
(121, 1, '2024-08-28 21:30:29', '2024-07-28 15:00:00', 3, '尤聖葵', 'zwjwoma@aol.com', '0951834589'),
(122, 1, '2024-08-06 20:17:38', '2024-08-19 13:00:00', 1, '孫吾林', 'cltmwtz@yahoo.com', '0954125441'),
(123, 1, '2024-08-14 22:06:11', '2024-08-30 10:00:00', 3, '姜德林', 'gzpuqmg@hotmail.com', '0961782476'),
(124, 1, '2024-07-11 20:50:22', '2024-08-15 10:00:00', 4, '李寅吾', 'ixaiuht@yahoo.com', '0964192271'),
(125, 1, '2024-08-13 04:31:30', '2024-07-03 14:00:00', 2, '錢東癸', 'ulfxhic@mail.com', '0969597535'),
(126, 0, '2024-08-22 06:34:05', '2024-07-08 12:00:00', 1, '許進豫', 'ufhpnph@mail.com', '0908994923'),
(127, 1, '2024-07-17 23:35:04', '2024-08-08 12:00:00', 2, '嚴聖士', 'pigzuvj@yahoo.com', '0965003746'),
(128, 1, '2024-08-26 02:24:14', '2024-08-09 10:00:00', 4, '金丙丁', 'skjtzxo@yahoo.com', '0926501366'),
(129, 1, '2024-08-01 11:03:49', '2024-07-09 12:00:00', 2, '鄭奎斗', 'wdwtvdk@hotmail.com', '0934535563'),
(130, 1, '2024-08-05 23:00:20', '2024-07-25 12:00:00', 3, '魏斗丙', 'ywglxui@yahoo.com', '0972050618'),
(131, 1, '2024-08-10 04:15:18', '2024-08-18 14:00:00', 1, '錢玉東', 'tweqxym@yahoo.com', '0949380768'),
(132, 1, '2024-08-23 10:01:57', '2024-07-17 12:00:00', 4, '沈吾丙', 'bpcxhwj@yahoo.com', '0914009316'),
(133, 1, '2024-08-02 14:50:26', '2024-07-14 13:00:00', 4, '孫飛文', 'nvalfxl@gmail.com', '0947941821'),
(134, 1, '2024-07-14 06:31:00', '2024-07-15 14:00:00', 3, '李林癸', 'lrejdmp@gmail.com', '0935884214'),
(135, 0, '2024-07-13 10:27:57', '2024-08-19 15:00:00', 4, '施進德', 'ykomywj@yahoo.com', '0942455167'),
(136, 1, '2024-07-04 06:44:37', '2024-07-15 10:00:00', 2, '吳癸林', 'firessr@aol.com', '0984866183'),
(137, 1, '2024-07-02 18:23:29', '2024-08-20 16:00:00', 4, '沈軒卿', 'ezlynda@aol.com', '0934822487'),
(138, 1, '2024-07-10 12:23:51', '2024-08-31 11:00:00', 4, '褚德文', 'brofrwt@gmail.com', '0935723854'),
(139, 1, '2024-07-12 11:11:51', '2024-07-06 14:00:00', 2, '楊進飛', 'azjdqdh@mail.com', '0960871277'),
(140, 1, '2024-08-17 18:23:21', '2024-08-24 14:00:00', 2, '呂丁卿', 'rlrwbdn@aol.com', '0921053397'),
(142, 1, '2024-08-24 21:20:47', '2024-07-27 11:00:00', 1, '鄭豫林', 'gxcsiyh@gmail.com', '0940062528'),
(143, 1, '2024-07-18 06:21:10', '2024-08-10 12:00:00', 1, '錢聖寅', 'culbguc@gmail.com', '0941300740'),
(144, 1, '2024-07-03 13:38:00', '2024-07-16 14:00:00', 4, '金東德', 'zclbphw@gmail.com', '0936934968'),
(145, 1, '2024-08-27 18:46:12', '2024-07-26 12:00:00', 2, '王景文', 'mzzsotv@yahoo.com', '0954706315'),
(146, 1, '2024-08-06 15:44:42', '2024-08-12 15:00:00', 2, '魏丙景', 'gjypsds@gmail.com', '0910825154'),
(147, 1, '2024-07-20 04:24:46', '2024-07-22 11:00:00', 1, '陶軒吾', 'yfzdhwt@gmail.com', '0908980259'),
(148, 1, '2024-07-24 02:38:47', '2024-07-02 13:00:00', 1, '吳玉豫', 'ahslhbz@yahoo.com', '0950579801'),
(149, 1, '2024-08-09 14:14:32', '2024-07-19 14:00:00', 1, '張豫寅', 'bllborn@mail.com', '0982410914'),
(150, 1, '2024-07-08 05:44:29', '2024-07-12 14:00:00', 4, '華卿斗', 'dhesymx@hotmail.com', '0992929806'),
(151, 1, '2024-08-28 13:33:29', '2024-08-19 15:00:00', 4, '何飛東', 'dwklvvr@hotmail.com', '0914065469'),
(152, 1, '2024-07-31 04:27:31', '2024-08-08 15:00:00', 4, '張癸玉', 'hfuicqo@mail.com', '0942133162');

-- --------------------------------------------------------

--
-- 資料表結構 `menuItem`
--

CREATE TABLE `menuItem` (
  `itemID` int(11) NOT NULL,
  `menuExist` tinyint(4) DEFAULT 1,
  `itemName` varchar(100) NOT NULL,
  `itemType` varchar(50) DEFAULT NULL,
  `itemDescribe` varchar(300) DEFAULT NULL,
  `itemMain` tinyint(4) NOT NULL,
  `itemPrice` int(11) NOT NULL,
  `itemImg` varchar(200) DEFAULT NULL,
  `itemDiscount` int(11) DEFAULT NULL,
  `itemDiscountPersent` float DEFAULT NULL,
  `itemDiscountStart` datetime DEFAULT NULL,
  `itemDiscountEnd` datetime DEFAULT NULL
) ENGINE=InnoDB DEFAULT CHARSET=utf8mb4 COLLATE=utf8mb4_general_ci;

--
-- 傾印資料表的資料 `menuItem`
--

INSERT INTO `menuItem` (`itemID`, `menuExist`, `itemName`, `itemType`, `itemDescribe`, `itemMain`, `itemPrice`, `itemImg`, `itemDiscount`, `itemDiscountPersent`, `itemDiscountStart`, `itemDiscountEnd`) VALUES
(1, 1, '新葉喵冰淇淋汽水～哈密瓜～', '飲品', '含有哈密瓜果肉的奶汽水！\n與新葉喵的餅乾一起好好享用吧♪', 1, 310, 'https://github.com/Bruce1995010101/pkimg/blob/main//menuImg/1-1.jpg?raw=true', NULL, NULL, NULL, NULL),
(2, 1, '伊步皇家奶茶～毛茸茸的金融家～', '飲品', '躲藏起來的伊布突然出現\n這是一種甜甜的皇家奶茶口味飲料\n上面加了金融家和大量的奶油', 1, 410, 'https://github.com/Bruce1995010101/pkimg/blob/main//menuImg/2-1.jpg?raw=true', NULL, NULL, NULL, NULL),
(3, 1, '耿鬼的可疑清淡冰沙', '飲品', '葡萄味冷凍冰沙\n使用葡萄果肉使其果香更加濃郁！\n喝太快會被「可疑的光」迷惑！', 1, 320, 'https://github.com/Bruce1995010101/pkimg/blob/main//menuImg/3-1.jpg?raw=true', NULL, NULL, NULL, NULL),
(4, 1, '呆火鱷冰淇淋汽水～蘋果味～', '飲品', '滿滿氣泡的蘋果奶油汽水！\n搭配呆火鱷香脆餅乾一起享用吧♪', 0, 310, 'https://github.com/Bruce1995010101/pkimg/blob/main//menuImg/4-1.jpg?raw=true', NULL, NULL, NULL, NULL),
(5, 1, '潤水鴨冰淇淋汽水～彈珠汽水味～', '飲品', '氣泡彈跳的酸甜奶油蘇打水！\n搭配潤水鴨香脆餅乾一起享用吧♪', 0, 310, 'https://github.com/Bruce1995010101/pkimg/blob/main//menuImg/5-1.jpg?raw=true', NULL, NULL, NULL, NULL),
(6, 1, '皮卡丘的劈里啪啦電光漂浮檸檬', '飲品', '有點大人口味的漂浮檸檬\n加入皮卡丘臉蛋的芒果冰淇淋\n彷彿皮卡丘的招式「電光」呢♪', 0, 520, 'https://github.com/Bruce1995010101/pkimg/blob/main//menuImg/6-1.jpg?raw=true', NULL, NULL, NULL, NULL),
(7, 1, '怖思壺和來悲茶的小茶會!', '飲品', '水果茶套餐 ~蘋果味~\n可依個人喜好添加蘋果糖漿♪\n＜原材料＞紅茶、蘋果、蘋果糖漿', 0, 310, 'https://github.com/Bruce1995010101/pkimg/blob/main//menuImg/7-1.jpg?raw=true', NULL, NULL, NULL, NULL),
(8, 1, '搖搖綜合歐蕾 莓果', '飲品', '當場製作的綜合歐蕾\n用營養豐富的牛奶\n一起製作喜歡的綜合歐蕾吧！', 0, 280, 'https://github.com/Bruce1995010101/pkimg/blob/main//menuImg/8-1.jpg?raw=true', NULL, NULL, NULL, NULL),
(9, 1, '附有皮卡丘尾巴形狀餅乾的咖啡（熱／冰）', '飲品', '附有皮卡丘尾巴形狀餅乾的咖啡!\n※熱飲裝在皮卡丘的馬克杯中\n※冷飲裝在玻璃杯中供應', 0, 210, 'https://github.com/Bruce1995010101/pkimg/blob/main//menuImg/9-1.jpg?raw=true', NULL, NULL, NULL, NULL),
(10, 1, '可可亞（熱／冰）', '飲品', '是一杯甜美令人放鬆的可可唷!\n※熱飲裝在皮卡丘的馬克杯中\n※冷飲裝在玻璃杯中供應', 0, 180, 'https://github.com/Bruce1995010101/pkimg/blob/main//menuImg/10-1.jpg?raw=true', NULL, NULL, NULL, NULL),
(11, 1, '蘋果汁／柳橙汁附不鏽鋼隨行杯', '飲品', '軟性飲料附贈不鏽鋼隨行杯\n飲料也可以單點唷!', 0, 890, 'https://github.com/Bruce1995010101/pkimg/blob/main//menuImg/11-1.jpg?raw=true', NULL, NULL, NULL, NULL),
(12, 1, '斯魔茶和來悲粗茶款待的抹茶拿鐵', '飲品', '來悲粗茶的碗裡是抹茶拿鐵\n斯魔茶的容器中則裝有抹茶\n來悲粗茶的熱抹茶牛奶!', 0, 310, 'https://github.com/Bruce1995010101/pkimg/blob/main//menuImg/12-1.jpg?raw=true', NULL, NULL, NULL, NULL),
(13, 1, '皮卡丘和妙蛙種子的友好咖哩盤餐', '主餐', '皮卡丘特製咖哩盤餐\n妙蛙種子配酪梨馬鈴薯沙拉\n和寶可夢夥伴一起去冒險吧！', 0, 600, 'https://github.com/Bruce1995010101/pkimg/blob/main//menuImg/13-1.jpg?raw=true', NULL, NULL, NULL, NULL),
(14, 1, '伊布秘藏的彩色拌飯盤餐', '主餐', '靈感来自伊布及其進化的寶可夢們\n如同具有多種進化潛力的伊布\n是一份秘藏的拌飯盤餐唷♪', 0, 600, 'https://github.com/Bruce1995010101/pkimg/blob/main//menuImg/14-1.jpg?raw=true', NULL, NULL, NULL, NULL),
(15, 1, '午睡卡比獸的豐盛午餐拼盤', '主餐', '好好吃到飽！\n也許會像卡比獸一樣睡著！？', 1, 600, 'https://github.com/Bruce1995010101/pkimg/blob/main//menuImg/15-1.jpg?raw=true', NULL, NULL, NULL, NULL),
(16, 1, '兒童拚盤～皮卡丘漢堡～', '主餐', '拚盤裡隱藏了各式各樣的皮卡丘\n附有寶可原創的著色杯墊3張！\n※此餐點限12歲以下兒童點購', 0, 350, 'https://github.com/Bruce1995010101/pkimg/blob/main//menuImg/16-1.jpg?raw=true', NULL, NULL, NULL, NULL),
(17, 1, '皮卡丘舒芙蕾鬆餅', '甜點', '皮卡丘臉形的鬆軟舒芙蕾鬆餅\n拼盤裡有咖啡廳送給您的一句話\n請務必點一份作為您來咖啡館紀念', 1, 580, 'https://github.com/Bruce1995010101/pkimg/blob/main//menuImg/17-1.jpg?raw=true', NULL, NULL, NULL, NULL),
(18, 1, '莓果巧克力聖代', '甜點', '特製的酸甜滋味莓果巧克力聖代\n有寶貝球型的冰淇淋和皮卡丘穀片\n是造訪寶可夢咖啡廳的最佳選擇！', 1, 420, 'https://github.com/Bruce1995010101/pkimg/blob/main//menuImg/18-1.jpg?raw=true', NULL, NULL, NULL, NULL),
(19, 1, '斯魔茶品茶店的茶會甜點套餐', '甜點', '斯魔茶們的「斯魔茶品茶店」菜單\n享受「斯魔茶品茶店」的氛圍吧♪\n一起來一場盛大的甜點宴會吧~', 0, 680, 'https://github.com/Bruce1995010101/pkimg/blob/main//menuImg/19-1.jpg?raw=true', NULL, NULL, NULL, NULL),
(20, 1, '皮卡丘的沁涼果凍', '甜點', '皮卡丘造型的果凍\n搭配沁涼的蘇打一起享用\n絕對是夏天最棒的甜品', 0, 210, 'https://github.com/Bruce1995010101/pkimg/blob/main//menuImg/20-1.jpg?raw=true', NULL, NULL, NULL, NULL);

-- --------------------------------------------------------

--
-- 資料表結構 `orderlist`
--

CREATE TABLE `orderlist` (
  `orderID` int(11) NOT NULL,
  `orderExist` tinyint(4) DEFAULT 1,
  `orderProductID` int(11) NOT NULL,
  `productQ` smallint(6) NOT NULL,
  `buyerName` varchar(100) NOT NULL,
  `buyerEmail` varchar(100) NOT NULL,
  `buyerTel` varchar(20) NOT NULL,
  `buyerAddr` varchar(100) NOT NULL,
  `transportNote` varchar(100) DEFAULT NULL,
  `orderDate` datetime NOT NULL,
  `payment` varchar(10) NOT NULL,
  `receiptType` varchar(10) DEFAULT NULL,
  `companyTitle` varchar(100) DEFAULT NULL,
  `taxIDNumber` varchar(8) DEFAULT NULL,
  `orderStatus` tinyint(4) NOT NULL
) ENGINE=InnoDB DEFAULT CHARSET=utf8mb4 COLLATE=utf8mb4_general_ci;

--
-- 傾印資料表的資料 `orderlist`
--

INSERT INTO `orderlist` (`orderID`, `orderExist`, `orderProductID`, `productQ`, `buyerName`, `buyerEmail`, `buyerTel`, `buyerAddr`, `transportNote`, `orderDate`, `payment`, `receiptType`, `companyTitle`, `taxIDNumber`, `orderStatus`) VALUES
(1, 1, 3, 7, '李明偉', 'mingwei@gmail.com', '0912345678', '台北市信義區忠孝東路四段1號', '快速送達', '2024-07-10 10:20:30', '貨到付款', '二聯式', '大公司', '12345678', 1),
(2, 1, 12, 2, '陳小紅', 'xiaohong@gmail.com', '0923456789', '台中市西屯區大墩路50號', '請打電話', '2024-07-12 12:45:15', '貨到付款', '三聯式', '紅星公司', '23456789', 2),
(3, 1, 25, 5, '王大明', 'daming@gmail.com', '0934567890', '高雄市鼓山區美術館路100號', '請勿摔壞', '2024-07-15 09:30:45', '貨到付款', '二聯式', '明亮公司', '34567890', 0),
(4, 1, 31, 4, '黃婷婷', 'tingting@gmail.com', '0945678901', '新北市板橋區中山路三段200號', '', '2024-07-18 14:20:10', '貨到付款', '三聯式', '婷婷公司', '45678901', 1),
(5, 1, 8, 1, '林俊傑', 'jjlin@gmail.com', '0956789012', '台南市中西區民權路二段300號', '小心輕放', '2024-07-20 08:15:55', '貨到付款', '二聯式', '俊傑公司', '56789012', 2),
(6, 1, 21, 6, '蔡依林', 'jolin@gmail.com', '0967890123', '台中市南屯區大英街400號', '', '2024-07-22 17:45:25', '貨到付款', '三聯式', '', '67890123', 0),
(7, 1, 14, 3, '周杰倫', 'jay@gmail.com', '0978901234', '桃園市中壢區中正路500號', '送到門口', '2024-07-25 13:30:40', '貨到付款', '二聯式', '', '78901234', 1),
(8, 1, 29, 9, '吳宗憲', 'wu@gmail.com', '0989012345', '新竹市東區光復路600號', '務必保護', '2024-07-28 11:20:50', '貨到付款', '三聯式', '', '89012345', 2),
(9, 1, 4, 8, '楊丞琳', 'rainie@gmail.com', '0990123456', '嘉義市西區友愛路700號', '', '2024-07-30 15:55:35', '貨到付款', '二聯式', '丞琳公司', '90123456', 0),
(10, 1, 17, 7, '柯震東', 'ko@gmail.com', '0912345670', '花蓮縣花蓮市中華路800號', '請保持乾燥', '2024-08-02 09:10:25', '貨到付款', '三聯式', '震東公司', '12345670', 1),
(11, 1, 2, 10, '李明偉', 'mingwei@gmail.com', '0912345678', '台北市信義區忠孝東路四段1號', '', '2024-08-04 12:30:45', '貨到付款', '二聯式', '', '23456780', 2),
(12, 1, 6, 6, '陳小紅', 'xiaohong@gmail.com', '0923456789', '台中市西屯區大墩路50號', '快速送達', '2024-08-06 14:55:10', '貨到付款', '三聯式', '紅星公司', '34567890', 0),
(13, 1, 9, 4, '王大明', 'daming@gmail.com', '0934567890', '高雄市鼓山區美術館路100號', '請打電話', '2024-08-09 16:20:30', '貨到付款', '二聯式', '明亮公司', '45678901', 1),
(14, 1, 12, 2, '黃婷婷', 'tingting@gmail.com', '0945678901', '新北市板橋區中山路三段200號', '', '2024-08-11 18:45:50', '貨到付款', '三聯式', '婷婷公司', '56789012', 2),
(15, 1, 18, 9, '林俊傑', 'jjlin@gmail.com', '0956789012', '台南市中西區民權路二段300號', '小心輕放', '2024-08-13 10:15:15', '貨到付款', '二聯式', '俊傑公司', '67890123', 0),
(16, 1, 22, 3, '蔡依林', 'jolin@gmail.com', '0967890123', '台中市南屯區大英街400號', '送到門口', '2024-08-15 11:40:05', '貨到付款', '三聯式', '', '78901234', 1),
(17, 1, 28, 8, '周杰倫', 'jay@gmail.com', '0978901234', '桃園市中壢區中正路500號', '', '2024-08-17 14:05:25', '貨到付款', '二聯式', '', '89012345', 2),
(18, 1, 33, 7, '吳宗憲', 'wu@gmail.com', '0989012345', '新竹市東區光復路600號', '務必保護', '2024-08-19 16:30:40', '貨到付款', '三聯式', '', '90123456', 0),
(19, 1, 37, 1, '楊丞琳', 'rainie@gmail.com', '0990123456', '嘉義市西區友愛路700號', '', '2024-08-21 09:10:50', '貨到付款', '二聯式', '丞琳公司', '12345678', 1),
(20, 1, 5, 10, '柯震東', 'ko@gmail.com', '0912345670', '花蓮縣花蓮市中華路800號', '請保持乾燥', '2024-08-23 12:35:35', '貨到付款', '三聯式', '震東公司', '23456780', 2),
(21, 1, 8, 3, '李明偉', 'mingwei@gmail.com', '0912345678', '台北市信義區忠孝東路四段1號', '', '2024-08-25 14:50:25', '貨到付款', '二聯式', '', '34567890', 0),
(22, 1, 16, 5, '陳小紅', 'xiaohong@gmail.com', '0923456789', '台中市西屯區大墩路50號', '快速送達', '2024-08-27 17:05:10', '貨到付款', '三聯式', '紅星公司', '45678901', 1),
(23, 1, 23, 4, '王大明', 'daming@gmail.com', '0934567890', '高雄市鼓山區美術館路100號', '請打電話', '2024-08-29 09:25:30', '貨到付款', '二聯式', '明亮公司', '56789012', 2),
(24, 1, 30, 7, '黃婷婷', 'tingting@gmail.com', '0945678901', '新北市板橋區中山路三段200號', '', '2024-08-31 11:45:50', '貨到付款', '三聯式', '婷婷公司', '67890123', 0),
(25, 1, 15, 6, '林俊傑', 'jjlin@gmail.com', '0956789012', '台南市中西區民權路二段300號', '小心輕放', '2024-07-01 13:10:15', '貨到付款', '二聯式', '俊傑公司', '78901234', 1),
(26, 1, 20, 1, '蔡依林', 'jolin@gmail.com', '0967890123', '台中市南屯區大英街400號', '送到門口', '2024-07-03 14:40:05', '貨到付款', '三聯式', '', '89012345', 2),
(27, 1, 32, 10, '周杰倫', 'jay@gmail.com', '0978901234', '桃園市中壢區中正路500號', '', '2024-07-05 16:05:25', '貨到付款', '二聯式', '', '90123456', 0),
(28, 1, 38, 9, '吳宗憲', 'wu@gmail.com', '0989012345', '新竹市東區光復路600號', '務必保護', '2024-07-07 17:30:40', '貨到付款', '三聯式', '', '12345670', 1),
(29, 1, 1, 8, '楊丞琳', 'rainie@gmail.com', '0990123456', '嘉義市西區友愛路700號', '', '2024-07-09 19:10:50', '貨到付款', '二聯式', '丞琳公司', '23456780', 2),
(30, 1, 24, 2, '柯震東', 'ko@gmail.com', '0912345670', '花蓮縣花蓮市中華路800號', '請保持乾燥', '2024-07-11 20:35:35', '貨到付款', '三聯式', '震東公司', '34567890', 0),
(31, 1, 27, 5, '李明偉', 'mingwei@gmail.com', '0912345678', '台北市信義區忠孝東路四段1號', '', '2024-07-13 21:50:25', '貨到付款', '二聯式', '', '45678901', 1),
(32, 1, 19, 7, '陳小紅', 'xiaohong@gmail.com', '0923456789', '台中市西屯區大墩路50號', '快速送達', '2024-07-15 23:05:10', '貨到付款', '三聯式', '紅星公司', '56789012', 2),
(33, 1, 34, 9, '王大明', 'daming@gmail.com', '0934567890', '高雄市鼓山區美術館路100號', '請打電話', '2024-07-18 08:25:30', '貨到付款', '二聯式', '明亮公司', '67890123', 0),
(34, 1, 36, 6, '黃婷婷', 'tingting@gmail.com', '0945678901', '新北市板橋區中山路三段200號', '', '2024-07-20 10:45:50', '貨到付款', '三聯式', '婷婷公司', '78901234', 1),
(35, 1, 13, 10, '林俊傑', 'jjlin@gmail.com', '0956789012', '台南市中西區民權路二段300號', '小心輕放', '2024-07-22 12:10:15', '貨到付款', '二聯式', '俊傑公司', '89012345', 2),
(36, 1, 35, 4, '蔡依林', 'jolin@gmail.com', '0967890123', '台中市南屯區大英街400號', '送到門口', '2024-07-24 14:40:05', '貨到付款', '三聯式', '', '90123456', 0),
(37, 1, 10, 3, '周杰倫', 'jay@gmail.com', '0978901234', '桃園市中壢區中正路500號', '', '2024-07-26 16:05:25', '貨到付款', '二聯式', '', '12345678', 1),
(38, 1, 11, 8, '吳宗憲', 'wu@gmail.com', '0989012345', '新竹市東區光復路600號', '務必保護', '2024-07-28 17:30:40', '貨到付款', '三聯式', '', '23456780', 2),
(39, 1, 7, 6, '楊丞琳', 'rainie@gmail.com', '0990123456', '嘉義市西區友愛路700號', '', '2024-07-30 19:10:50', '貨到付款', '二聯式', '丞琳公司', '34567890', 0),
(40, 1, 26, 1, '柯震東', 'ko@gmail.com', '0912345670', '花蓮縣花蓮市中華路800號', '請保持乾燥', '2024-08-01 20:35:35', '貨到付款', '三聯式', '震東公司', '45678901', 1);

-- --------------------------------------------------------

--
-- 資料表結構 `product`
--

CREATE TABLE `product` (
  `productID` int(11) NOT NULL,
  `productExist` tinyint(4) DEFAULT 1,
  `productName` varchar(50) NOT NULL,
  `productType` varchar(50) DEFAULT NULL,
  `productDescribe` varchar(300) DEFAULT NULL,
  `productPrice` mediumint(11) NOT NULL,
  `productInStock` smallint(6) DEFAULT NULL,
  `storeOnly` tinyint(4) DEFAULT NULL,
  `productMain` tinyint(4) NOT NULL
) ENGINE=InnoDB DEFAULT CHARSET=utf8mb4 COLLATE=utf8mb4_general_ci;

--
-- 傾印資料表的資料 `product`
--

INSERT INTO `product` (`productID`, `productExist`, `productName`, `productType`, `productDescribe`, `productPrice`, `productInStock`, `storeOnly`, `productMain`) VALUES
(1, 1, '果然翁玩偶', 'toy', '神奇寶貝娃娃大頭又可愛，這款 果然翁娃娃也不例外！\n它有著熟悉的刺繡表情!', 350, 120, 0, 0),
(2, 1, '眨眼皮卡丘抱枕', 'toy', '這款可擠壓的眨眼皮卡丘軟糖毛絨玩具採用 Pokémon Center 獨有的 12 英寸尺寸，\n採用柔軟優質材料製成，具有皮卡丘標誌性的黃色尾巴和耳朵，以及迷人的眨眼表情。\n它非常適合依偎在車上、飛機上或在家看《神奇寶貝》電影馬拉松時。', 699, 60, 1, 0),
(3, 1, '耿鬼玩偶', 'toy', '耿鬼娃娃毛絨採用柔軟的面料和超可愛的外觀，\n可舒適地放在桌子、架子、沙發或您喜歡的任何其他地方。\n這個幽靈般的神奇寶貝已經準備好享受恐怖的樂趣了！', 499, 120, 0, 0),
(4, 1, '卡比獸玩偶', 'toy', '卡比獸娃娃毛絨採用柔軟的面料和超可愛的外觀，\n可舒適地放在桌子、架子、沙發或其他任何地方。\n這隻昏昏欲睡的神奇寶貝已經準備好和你一起午睡了！將其添加到您的收藏中，或將其贈送給朋友！', 699, 60, 1, 0),
(5, 1, '潤水鴨玩偶吊飾', 'toy', '來自帕爾迪亞地區的奢華水系第一夥伴神奇寶貝以可愛的大頭神奇寶貝玩偶的形式登場！\n擁有蓬巴杜般的造型、微小的翅膀和腳，以及黃色的大嘴', 420, 150, 0, 0),
(6, 1, '百變怪皮卡丘玩偶', 'toy', ' 百變怪玩偶毛絨玩具已經集結了它最好的偽裝 - 但它可能無法騙過所有人！\n不管怎樣，這只有點怪異但絕對可愛的神奇寶貝已經準備好結交新朋友了！\n你準備好交新朋友了嗎？', 799, 100, 0, 0),
(7, 1, '拉普拉斯玩偶', 'toy', '拉普拉斯是一隻大神奇寶貝，但這款神奇寶貝玩偶版本小到足以容納！\n這款毛絨玩具配有刺繡眼睛、經典的凹凸外殼和四個可愛的腳蹼，為一天的冒險做好了準備。', 590, 100, 0, 0),
(8, 1, '胖丁玩偶', 'toy', '催眠歌手胖丁以玩偶毛絨玩具登場，超級可愛且注重細節！\n刺繡功能為這款可愛的朋友提供了獨特的外觀', 590, 100, 0, 0),
(9, 1, '妙蛙花玩偶', 'toy', '作為妙蛙種子的完全進化形態，妙蛙種子及其背上的大花深受一代又一代神奇寶貝迷的喜愛。\n大刺繡眼睛和可愛的設計使這款 Pokémon 娃娃毛絨玩具非常適合任何收藏！', 590, 100, 0, 0),
(10, 1, '傑尼龜玩偶', 'toy', '第一個夥伴神奇寶貝已經準備好踏上旅程了！傑尼龜神奇寶貝娃娃毛絨大頭超級可愛，\n柔軟且充滿冒險樂趣，適合所有年齡段的神奇寶貝粉絲。', 630, 60, 0, 0),
(11, 1, '呆呆獸海報', 'decoration', 'Slowpoke 並不以聰明或速度而聞名，但這件藝術品可以快速為您的空間增添色彩和歡樂！', 780, 30, 0, 0),
(12, 1, '皮卡丘海報畫框', 'decoration', '皮卡丘在這幅令人驚嘆的藝術作品中展示了四種充滿動感的姿勢！\n憑藉著普普藝術風格的設計和大膽的色彩，它毫不費力地點亮了裝飾。', 200, 50, 1, 0),
(13, 1, '皮卡丘胡椒罐組', 'decoration', '使用這款陶瓷鹽罐胡椒瓶套裝，將皮卡丘的鮮豔色彩和歡樂氣氛帶入您的廚房！\n它們採用色彩繽紛的雕刻設計，上面有兩隻微笑的皮卡丘，為您的餐桌或檯面增添了異想天開的色彩。', 99, 20, 0, 0),
(14, 1, '皮卡丘隔熱墊', 'decoration', '它非常適合剛從烤箱裡出來的熱食。處理熱食時一定要小心！', 99, 20, 0, 0),
(15, 1, '皮卡丘置物盤', 'decoration', '您的戒指和其他小寶貝在這款可愛的陶瓷戒指盤中看起來就像在家一樣！\n甜美的笑容照亮了皮卡丘的臉，讓這件作品顯得格外特別。', 350, 20, 0, 0),
(16, 1, '皮卡丘杯墊', 'decoration', '這些帶有皮卡丘眾多面孔的杯墊讓您的表面保持乾燥！\n特寫的微笑、咧嘴笑、眨眼和大笑的老鼠神奇寶貝臉激發了一種俏皮感，\n而石頭頂部和軟木底部則增加了額外的保護層。', 120, 20, 0, 0),
(17, 1, '皮卡丘圍裙', 'decoration', '無論您的烹飪涉及烤箱烘烤的食物還是燒烤的美味佳餚，\n這款帶有皮卡丘圖案的紅白圍裙都會為您帶來神奇寶貝世界的味道！', 699, 30, 0, 0),
(18, 1, '寶可夢碗組', 'decoration', '使用這套三件式嵌套攪拌碗，以真正的神奇寶貝風格製作節日美食。\n皮卡丘、Munchlax 和朋友們裝飾了每件作品的牆壁，增添了節日的樂趣和充足的甜蜜！', 1299, 20, 1, 0),
(19, 1, '寶可夢桌巾', 'decoration', '無論您是在分類糖果還是在享用怪異大餐，這款神奇寶貝萬聖節桌布都能滿足您的需求！\n設計遍布各種神奇寶貝，其中一些南瓜也類似於神奇寶貝。你能認出幾個？', 699, 30, 0, 0),
(20, 1, '卡比獸馬克杯', 'decoration', '用這款大陶瓷杯享用您最喜歡的熱可可或五香茶，\n杯子上印有 Munchlax 吃薑餅的圖案！神奇寶貝採用浮雕設計，\n可容納 19.6 盎司。', 360, 50, 0, 0),
(21, 1, '傑尼龜原子筆', 'stationery', '這款傑尼龜原子筆是為所有寶可夢愛好者設計的精美文具，不僅是書寫工具，更是一款收藏品。\n筆桿上精美的傑尼龜圖案和細節設計，展現了這個可愛角色的活潑與靈動，讓每一次書寫都充滿樂趣。', 120, 200, 0, 0),
(22, 1, '皮卡丘資料夾', 'stationery', '這款皮卡丘資料夾是專為寶可夢迷設計的實用文具，不僅可以幫助您整理和保護文件，\n還能在日常生活中增添一份樂趣。資料夾上印有精美的皮卡丘圖案，讓您每次使用都充滿活力和動力。', 60, 150, 0, 0),
(23, 1, '寶可夢修正帶', 'stationery', '這款寶可夢修正帶是專為寶可夢愛好者設計的文具產品，不僅實用，還充滿了趣味和個性。\n修正帶上印有經典寶可夢角色的圖案，讓您在糾正錯誤的同時，感受到寶可夢的魅力和樂趣。', 36, 200, 0, 0),
(24, 1, '寶可夢筆記本', 'stationery', '這款寶可夢主題筆記本是為所有寶可夢愛好者設計的精美文具，不僅可以用來記錄日常筆記、\n計劃和靈感，還能讓每次書寫都充滿樂趣和創意。筆記本封面印有經典的寶可夢角色和圖案，\n色彩鮮豔，圖案生動，是學習和工作的最佳伴侶。', 70, 200, 0, 0),
(25, 1, '寶可夢貼紙組', 'stationery', '這款寶可夢貼紙組是專為寶可夢愛好者設計的精美文具，不僅可以用來裝飾筆記本、\n日記本、電子設備和其他物品，還能讓日常生活充滿樂趣和創意。\n貼紙組包含多種經典寶可夢角色的圖案，色彩鮮豔，圖案生動。', 35, 500, 0, 0),
(26, 1, '皮卡丘便利貼', 'stationery', '這款皮卡丘便利貼是專為寶可夢迷設計的實用文具，不僅能幫助您記錄重要事項和提醒，\n還能增添書桌上的趣味和活力。每張便利貼都印有可愛的皮卡丘圖案，讓您在工作和學習中感受到皮卡丘的陪伴。', 45, 200, 0, 0),
(27, 1, '喇叭芽LED燈具', 'decoration', '這款喇叭芽LED燈具是專為寶可夢愛好者設計的創意家居裝飾品，\n不僅能照亮您的空間，還能為您的房間增添一份趣味和童真。\n燈具的設計靈感來自寶可夢中的喇叭芽，造型生動，適合擺放在桌面、床頭或書架上。', 1299, 60, 1, 0),
(28, 1, '卡比獸掛壁時鐘', 'decoration', '這款卡比獸掛壁時鐘是為寶可夢愛好者設計的精美家居裝飾品，不僅具有實用的時間顯示功能，\n還能為您的房間增添一份趣味和溫馨。時鐘的設計靈感來自寶可夢中的卡比獸，造型可愛，適合掛在客廳、臥室、書房或兒童房中。', 899, 50, 0, 0),
(29, 1, '卡比獸毛茸拖鞋', 'decoration', '這款卡比獸毛茸拖鞋是專為寶可夢迷設計的家居用品，不僅讓您在家中保持舒適和溫暖，還能帶來卡比獸的可愛陪伴。\n拖鞋的設計靈感來自於寶可夢中的卡比獸，外觀柔軟可愛，是居家生活中的理想選擇。', 299, 50, 0, 0),
(30, 1, '波加曼造型花瓶', 'decoration', '這款波加曼造型花瓶是專為寶可夢愛好者設計的精美家居裝飾品，不僅可以用來插花，\n還能為您的房間增添一份趣味和活力。花瓶的設計靈感來自寶可夢中的波加曼，造型可愛生動，是客廳、臥室、書房或辦公室的理想裝飾。', 650, 20, 0, 0),
(31, 1, '精靈球鑽石 ', 'jewelry', '由pokemon推出的「精靈球」鑽石誕生了！\n浮現出“精靈球”設計的特別鑽石在U-TREASURE登場了！\n將可高度識別出精靈球圖案設計\n與使鑽石能夠獲得最大光芒的切割法\n是由熟練的鑽石切割職人設計和研發。\n不同於一般的明亮式切割\n此款鑽石的切割比例讓你能享受獨家的鑽石光芒。', 59000, 3, 1, 1),
(32, 1, '皮卡丘單鑽戒指18K金', 'jewelry', '以雄雌兩隻皮卡丘友好地相伴在1克拉鑽石旁為設計。\n臉頰上的電氣袋、嘴巴的表情，最具特徵的尾巴都有確實呈現出來。\n此款華麗的訂婚戒指設計看起來像是兩個皮卡丘正祝福著你即將迎來新的人生。', 18500, 10, 0, 1),
(33, 1, '基拉祈頸鏈18K金', 'jewelry', '以富有可實現任何願望的能力的\n祈願寶可夢—基拉祈為設計的項鍊登場了。\n鑲有 鑽石、黃色藍寶石和祖母綠3 顆寶石\n頭上的短籤，也表現出隨風搖曳的樣子。\n將願望寄予在項鍊並配戴在身上吧・・・\n\n*寶石的顏色和深淺本身就存有差異。 受原料金屬影響，圖片中顏色僅供參考。', 12000, 10, 0, 1),
(34, 1, '謎擬Ｑ 項鍊 黑色版 K18白金（黑色塗層）', 'jewelry', '為偽裝成皮卡丘而披著布的畫皮寶可夢「謎擬Ｑ」項鍊。\n將項鍊配戴在身上說不定就能與「謎擬Ｑ」變成好朋友！\n仔細瞧一瞧，會發現底部有2顆紫水晶正閃著耀眼光芒。', 3980, 10, 0, 0),
(35, 1, '可達鴨 項鍊 18K玫瑰金', 'jewelry', '此款項鍊主角是鴨寶可夢分類的“可達鴨”。\n擁有神秘力量卻常常因頭痛而煩惱。\n將「你也能發揮力量」的概念包含其中。\n為配合“可達鴨”顏色所增添的黃色水晶也是本次設計重點。', 6800, 10, 0, 0),
(36, 1, '耿鬼 戒指 銀', 'jewelry', '像不知從那家跑來的頑皮孩子般的可愛耿鬼。\n掛起的眼睛和大口，連刺刺的背部細節也忠實重現、是一款充份表現出耿鬼魅力的首飾?\n帶在身上就好像最喜歡的寶可夢常時在自己身邊的感覺。', 3200, 20, 0, 0),
(37, 1, 'UNiQUE ART 寶可夢系列授權雕像 超夢', 'model', 'Pokémon Collectible series「超夢」大尺寸雕像，尺寸高達 50 公分，\n魄力呈現超夢粗壯的下肢、巨大的尾巴和不屈的眼神！\n底座以透明材質的淡紫色特效件製成，表現結晶、速度感和波濤等不同質感，並結合煙霧特效增添臨場感，\n營造出波導彈招式的強大攻擊氣勢，帥度破表！', 32000, 5, 0, 1),
(38, 1, 'UNiQUE ART 寶可夢系列《授權雕像》噴火龍', 'model', 'Pokémon Collectible series「噴火龍」大尺寸雕像，尺寸全高達 74 公分，將噴火龍吐出火焰的魄力姿勢忠實再現，\n底座以透明材質的火焰特效件製成，除了表現從口中冒出的熊熊烈火，\n更能作為讓噴火龍呈飛舞造型的輔助支撐，營造出展翅攻擊的氣勢！', 29000, 5, 0, 1),
(39, 1, 'UNiQUE ART 寶可夢系列《授權雕像》皮卡丘', 'model', '陪伴了訓練家們走過漫長冒險時光的皮卡丘，又一次來到大家身邊啦！ Unique Art工作室在獲得寶可夢IP正版授權後，推出了1/1比例收藏級皮卡丘雕像。作為全球首款正版授權的1/1皮卡丘雕像，UA工作室前前後後調整了多次設計稿，只為呈現出最完美的造型。', 29000, 5, 0, 1);

-- --------------------------------------------------------

--
-- 資料表結構 `productDiscount`
--

CREATE TABLE `productDiscount` (
  `discountID` int(11) NOT NULL,
  `discountProductID` int(11) NOT NULL,
  `productDiscountBool` tinyint(4) DEFAULT NULL,
  `productDiscountStart` datetime DEFAULT NULL,
  `productDiscountEnd` datetime DEFAULT NULL,
  `productDiscountPrice` mediumint(9) DEFAULT NULL,
  `productDiscountPercent` float DEFAULT NULL
) ENGINE=InnoDB DEFAULT CHARSET=utf8mb4 COLLATE=utf8mb4_general_ci;

-- --------------------------------------------------------

--
-- 資料表結構 `productImg`
--

CREATE TABLE `productImg` (
  `imgId` int(11) NOT NULL,
  `imgProductID` int(11) DEFAULT NULL,
  `productImg` varchar(200) DEFAULT NULL
) ENGINE=InnoDB DEFAULT CHARSET=utf8mb4 COLLATE=utf8mb4_general_ci;

--
-- 傾印資料表的資料 `productImg`
--

INSERT INTO `productImg` (`imgId`, `imgProductID`, `productImg`) VALUES
(1, 1, 'https://github.com/Bruce1995010101/pkimg/blob/main//productImg/p1/1-1.jpg?raw=true'),
(2, 1, 'https://github.com/Bruce1995010101/pkimg/blob/main//productImg/p1/1-2.jpg?raw=true'),
(3, 1, 'https://github.com/Bruce1995010101/pkimg/blob/main//productImg/p1/1-3.jpg?raw=true'),
(4, 2, 'https://github.com/Bruce1995010101/pkimg/blob/main//productImg/p2/2-1.jpg?raw=true'),
(5, 2, 'https://github.com/Bruce1995010101/pkimg/blob/main//productImg/p2/2-2.jpg?raw=true'),
(6, 2, 'https://github.com/Bruce1995010101/pkimg/blob/main//productImg/p2/2-3.jpg?raw=true'),
(7, 3, 'https://github.com/Bruce1995010101/pkimg/blob/main//productImg/p3/3-1.jpg?raw=true'),
(8, 3, 'https://github.com/Bruce1995010101/pkimg/blob/main//productImg/p3/3-2.jpg?raw=true'),
(9, 3, 'https://github.com/Bruce1995010101/pkimg/blob/main//productImg/p3/3-3.jpg?raw=true'),
(10, 4, 'https://github.com/Bruce1995010101/pkimg/blob/main//productImg/p4/4-1.jpg?raw=true'),
(11, 4, 'https://github.com/Bruce1995010101/pkimg/blob/main//productImg/p4/4-2.jpg?raw=true'),
(12, 4, 'https://github.com/Bruce1995010101/pkimg/blob/main//productImg/p4/4-3.jpg?raw=true'),
(13, 5, 'https://github.com/Bruce1995010101/pkimg/blob/main//productImg/p5/5-1.jpg?raw=true'),
(14, 5, 'https://github.com/Bruce1995010101/pkimg/blob/main//productImg/p5/5-2.jpg?raw=true'),
(15, 5, 'https://github.com/Bruce1995010101/pkimg/blob/main//productImg/p5/5-3.jpg?raw=true'),
(16, 6, 'https://github.com/Bruce1995010101/pkimg/blob/main//productImg/p6/6-1.jpg?raw=true'),
(17, 6, 'https://github.com/Bruce1995010101/pkimg/blob/main//productImg/p6/6-2.jpg?raw=true'),
(18, 6, 'https://github.com/Bruce1995010101/pkimg/blob/main//productImg/p6/6-3.jpg?raw=true'),
(19, 7, 'https://github.com/Bruce1995010101/pkimg/blob/main//productImg/p7/7-1.jpg?raw=true'),
(20, 7, 'https://github.com/Bruce1995010101/pkimg/blob/main//productImg/p7/7-2.jpg?raw=true'),
(21, 7, 'https://github.com/Bruce1995010101/pkimg/blob/main//productImg/p7/7-3.jpg?raw=true'),
(22, 8, 'https://github.com/Bruce1995010101/pkimg/blob/main//productImg/p8/8-1.jpg?raw=true'),
(23, 8, 'https://github.com/Bruce1995010101/pkimg/blob/main//productImg/p8/8-2.jpg?raw=true'),
(24, 8, 'https://github.com/Bruce1995010101/pkimg/blob/main//productImg/p8/8-3.jpg?raw=true'),
(25, 9, 'https://github.com/Bruce1995010101/pkimg/blob/main//productImg/p9/9-1.jpg?raw=true'),
(26, 9, 'https://github.com/Bruce1995010101/pkimg/blob/main//productImg/p9/9-2.jpg?raw=true'),
(27, 9, 'https://github.com/Bruce1995010101/pkimg/blob/main//productImg/p9/9-3.jpg?raw=true'),
(28, 10, 'https://github.com/Bruce1995010101/pkimg/blob/main//productImg/p10/10-1.jpg?raw=true'),
(29, 10, 'https://github.com/Bruce1995010101/pkimg/blob/main//productImg/p10/10-2.jpg?raw=true'),
(30, 10, 'https://github.com/Bruce1995010101/pkimg/blob/main//productImg/p10/10-3.jpg?raw=true'),
(31, 11, 'https://github.com/Bruce1995010101/pkimg/blob/main//productImg/p11/11-1.jpg?raw=true'),
(32, 11, 'https://github.com/Bruce1995010101/pkimg/blob/main//productImg/p11/11-2.jpg?raw=true'),
(33, 11, 'https://github.com/Bruce1995010101/pkimg/blob/main//productImg/p11/11-3.jpg?raw=true'),
(34, 12, 'https://github.com/Bruce1995010101/pkimg/blob/main//productImg/p12/12-1.jpg?raw=true'),
(35, 12, 'https://github.com/Bruce1995010101/pkimg/blob/main//productImg/p12/12-2.jpg?raw=true'),
(36, 12, 'https://github.com/Bruce1995010101/pkimg/blob/main//productImg/p12/12-3.jpg?raw=true'),
(37, 13, 'https://github.com/Bruce1995010101/pkimg/blob/main//productImg/p13/13-1.jpg?raw=true'),
(38, 13, 'https://github.com/Bruce1995010101/pkimg/blob/main//productImg/p13/13-2.jpg?raw=true'),
(39, 13, 'https://github.com/Bruce1995010101/pkimg/blob/main//productImg/p13/13-3.jpg?raw=true'),
(40, 14, 'https://github.com/Bruce1995010101/pkimg/blob/main//productImg/p14/14-1.jpg?raw=true'),
(41, 14, 'https://github.com/Bruce1995010101/pkimg/blob/main//productImg/p14/14-2.jpg?raw=true'),
(42, 14, 'https://github.com/Bruce1995010101/pkimg/blob/main//productImg/p14/14-3.jpg?raw=true'),
(43, 15, 'https://github.com/Bruce1995010101/pkimg/blob/main//productImg/p15/15-1.jpg?raw=true'),
(44, 15, 'https://github.com/Bruce1995010101/pkimg/blob/main//productImg/p15/15-2.jpg?raw=true'),
(45, 15, 'https://github.com/Bruce1995010101/pkimg/blob/main//productImg/p15/15-3.jpg?raw=true'),
(46, 16, 'https://github.com/Bruce1995010101/pkimg/blob/main//productImg/p16/16-1.jpg?raw=true'),
(47, 16, 'https://github.com/Bruce1995010101/pkimg/blob/main//productImg/p16/16-2.jpg?raw=true'),
(48, 16, 'https://github.com/Bruce1995010101/pkimg/blob/main//productImg/p16/16-3.jpg?raw=true'),
(49, 17, 'https://github.com/Bruce1995010101/pkimg/blob/main//productImg/p17/17-1.jpg?raw=true'),
(50, 17, 'https://github.com/Bruce1995010101/pkimg/blob/main//productImg/p17/17-2.jpg?raw=true'),
(51, 18, 'https://github.com/Bruce1995010101/pkimg/blob/main//productImg/p18/18-1.jpg?raw=true'),
(52, 18, 'https://github.com/Bruce1995010101/pkimg/blob/main//productImg/p18/18-2.jpg?raw=true'),
(53, 18, 'https://github.com/Bruce1995010101/pkimg/blob/main//productImg/p18/18-3.jpg?raw=true'),
(54, 19, 'https://github.com/Bruce1995010101/pkimg/blob/main//productImg/p19/19-1.jpg?raw=true'),
(55, 19, 'https://github.com/Bruce1995010101/pkimg/blob/main//productImg/p19/19-2.jpg?raw=true'),
(56, 19, 'https://github.com/Bruce1995010101/pkimg/blob/main//productImg/p19/19-3.jpg?raw=true'),
(57, 20, 'https://github.com/Bruce1995010101/pkimg/blob/main//productImg/p20/20-1.jpg?raw=true'),
(58, 20, 'https://github.com/Bruce1995010101/pkimg/blob/main//productImg/p20/20-2.jpg?raw=true'),
(59, 20, 'https://github.com/Bruce1995010101/pkimg/blob/main//productImg/p20/20-3.jpg?raw=true'),
(60, 21, 'https://github.com/Bruce1995010101/pkimg/blob/main//productImg/p21/21-1.jpg?raw=true'),
(61, 22, 'https://github.com/Bruce1995010101/pkimg/blob/main//productImg/p22/22-1.png?raw=true'),
(62, 23, 'https://github.com/Bruce1995010101/pkimg/blob/main//productImg/p23/23-1.jpg?raw=true'),
(63, 24, 'https://github.com/Bruce1995010101/pkimg/blob/main//productImg/p24/24-1.jpg?raw=true'),
(64, 25, 'https://github.com/Bruce1995010101/pkimg/blob/main//productImg/p25/25-1.jpg?raw=true'),
(65, 26, 'https://github.com/Bruce1995010101/pkimg/blob/main//productImg/p26/26-1.png?raw=true'),
(66, 27, 'https://github.com/Bruce1995010101/pkimg/blob/main//productImg/p27/27-1.jpg?raw=true'),
(67, 28, 'https://github.com/Bruce1995010101/pkimg/blob/main//productImg/p28/28-1.png?raw=true'),
(68, 29, 'https://github.com/Bruce1995010101/pkimg/blob/main//productImg/p29/29-1.png?raw=true'),
(69, 30, 'https://github.com/Bruce1995010101/pkimg/blob/main//productImg/p30/30-1.png?raw=true'),
(70, 30, 'https://github.com/Bruce1995010101/pkimg/blob/main//productImg/p30/30-2.png?raw=true'),
(71, 30, 'https://github.com/Bruce1995010101/pkimg/blob/main//productImg/p30/30-3.png?raw=true'),
(72, 31, 'https://github.com/Bruce1995010101/pkimg/blob/main//productImg/p31/31-1.jpg?raw=true'),
(73, 31, 'https://github.com/Bruce1995010101/pkimg/blob/main//productImg/p31/31-2.jpg?raw=true'),
(74, 32, 'https://github.com/Bruce1995010101/pkimg/blob/main//productImg/p32/32-1.jpg?raw=true'),
(75, 32, 'https://github.com/Bruce1995010101/pkimg/blob/main//productImg/p32/32-2.jpg?raw=true'),
(76, 32, 'https://github.com/Bruce1995010101/pkimg/blob/main//productImg/p32/32-3.jpg?raw=true'),
(77, 32, 'https://github.com/Bruce1995010101/pkimg/blob/main//productImg/p32/32-4.jpg?raw=true'),
(78, 33, 'https://github.com/Bruce1995010101/pkimg/blob/main//productImg/p33/33-1.jpg?raw=true'),
(79, 33, 'https://github.com/Bruce1995010101/pkimg/blob/main//productImg/p33/33-2.jpg?raw=true'),
(80, 33, 'https://github.com/Bruce1995010101/pkimg/blob/main//productImg/p33/33-3.jpg?raw=true'),
(81, 33, 'https://github.com/Bruce1995010101/pkimg/blob/main//productImg/p33/33-4.jpg?raw=true'),
(82, 34, 'https://github.com/Bruce1995010101/pkimg/blob/main//productImg/p34/34-1.jpg?raw=true'),
(83, 34, 'https://github.com/Bruce1995010101/pkimg/blob/main//productImg/p34/34-2.jpg?raw=true'),
(84, 34, 'https://github.com/Bruce1995010101/pkimg/blob/main//productImg/p34/34-3.jpg?raw=true'),
(85, 34, 'https://github.com/Bruce1995010101/pkimg/blob/main//productImg/p34/34-4.jpg?raw=true'),
(86, 35, 'https://github.com/Bruce1995010101/pkimg/blob/main//productImg/p35/35-1.jpeg?raw=true'),
(87, 35, 'https://github.com/Bruce1995010101/pkimg/blob/main//productImg/p35/35-2.jpeg?raw=true'),
(88, 35, 'https://github.com/Bruce1995010101/pkimg/blob/main//productImg/p35/35-3.jpeg?raw=true'),
(89, 35, 'https://github.com/Bruce1995010101/pkimg/blob/main//productImg/p35/35-4.jpeg?raw=true'),
(90, 35, 'https://github.com/Bruce1995010101/pkimg/blob/main//productImg/p35/35-5.jpeg?raw=true'),
(91, 36, 'https://github.com/Bruce1995010101/pkimg/blob/main//productImg/p36/36-1.jpg?raw=true'),
(92, 36, 'https://github.com/Bruce1995010101/pkimg/blob/main//productImg/p36/36-2.jpg?raw=true'),
(93, 36, 'https://github.com/Bruce1995010101/pkimg/blob/main//productImg/p36/36-3.jpg?raw=true'),
(94, 36, 'https://github.com/Bruce1995010101/pkimg/blob/main//productImg/p36/36-4.jpg?raw=true'),
(95, 37, 'https://github.com/Bruce1995010101/pkimg/blob/main//productImg/p37/37-1.jpg?raw=true'),
(96, 37, 'https://github.com/Bruce1995010101/pkimg/blob/main//productImg/p37/37-2.jpg?raw=true'),
(97, 37, 'https://github.com/Bruce1995010101/pkimg/blob/main//productImg/p37/37-3.jpg?raw=true'),
(98, 37, 'https://github.com/Bruce1995010101/pkimg/blob/main//productImg/p37/37-4.jpg?raw=true'),
(99, 37, 'https://github.com/Bruce1995010101/pkimg/blob/main//productImg/p37/37-5.jpg?raw=true'),
(100, 38, 'https://github.com/Bruce1995010101/pkimg/blob/main//productImg/p38/38-1.jpg?raw=true'),
(101, 38, 'https://github.com/Bruce1995010101/pkimg/blob/main//productImg/p38/38-2.jpg?raw=true'),
(102, 38, 'https://github.com/Bruce1995010101/pkimg/blob/main//productImg/p38/38-3.jpg?raw=true'),
(103, 38, 'https://github.com/Bruce1995010101/pkimg/blob/main//productImg/p38/38-4.jpg?raw=true'),
(104, 38, 'https://github.com/Bruce1995010101/pkimg/blob/main//productImg/p38/38-5.jpg?raw=true'),
(105, 39, 'https://github.com/Bruce1995010101/pkimg/blob/main//productImg/p39/39-1.png?raw=true'),
(106, 39, 'https://github.com/Bruce1995010101/pkimg/blob/main//productImg/p39/39-2.png?raw=true'),
(107, 39, 'https://github.com/Bruce1995010101/pkimg/blob/main//productImg/p39/39-3.png?raw=true'),
(108, 39, 'https://github.com/Bruce1995010101/pkimg/blob/main//productImg/p39/39-4.png?raw=true'),
(109, 39, 'https://github.com/Bruce1995010101/pkimg/blob/main//productImg/p39/39-5.png?raw=true');

-- --------------------------------------------------------

--
-- 資料表結構 `storeBooking`
--

CREATE TABLE `storeBooking` (
  `storeBookingID` int(11) NOT NULL,
  `storeBookingExist` tinyint(11) DEFAULT 1,
  `bookingDate` datetime DEFAULT NULL,
  `bookingTimePeriod` datetime DEFAULT NULL,
  `bookingNumber` smallint(6) DEFAULT NULL,
  `bookingName` varchar(100) DEFAULT NULL,
  `bookingEmail` varchar(100) DEFAULT NULL,
  `bookingTel` varchar(20) DEFAULT NULL
) ENGINE=InnoDB DEFAULT CHARSET=utf8mb4 COLLATE=utf8mb4_general_ci;

--
-- 傾印資料表的資料 `storeBooking`
--

INSERT INTO `storeBooking` (`storeBookingID`, `storeBookingExist`, `bookingDate`, `bookingTimePeriod`, `bookingNumber`, `bookingName`, `bookingEmail`, `bookingTel`) VALUES
(1, 1, '2024-08-02 16:57:58', '2024-07-15 13:00:00', 2, '馮章景', 'oknqnch@yahoo.com', '0947859270'),
(2, 1, '2024-08-11 13:05:07', '2024-08-26 10:00:00', 1, '姜癸丙', 'smmriyl@hotmail.com', '0933717782'),
(3, 1, '2024-07-02 07:02:13', '2024-07-08 11:00:00', 4, '姜軒章', 'dwuqzve@mail.com', '0952406071'),
(4, 1, '2024-08-21 23:13:21', '2024-07-23 14:00:00', 2, '馮章林', 'iknwgex@gmail.com', '0955562186'),
(5, 1, '2024-07-12 20:27:18', '2024-08-12 15:00:00', 2, '趙丁玉', 'dfwwdha@aol.com', '0964496502'),
(6, 1, '2024-07-25 05:35:55', '2024-07-03 13:00:00', 1, '陶德德', 'rjmtqck@aol.com', '0910702772'),
(7, 1, '2024-07-10 01:18:19', '2024-07-04 14:00:00', 2, '姜豫士', 'mlhcayv@hotmail.com', '0908849296'),
(8, 1, '2024-07-20 07:49:32', '2024-08-23 15:00:00', 1, '衛葵東', 'qoowmux@yahoo.com', '0941103933'),
(9, 1, '2024-08-16 14:50:26', '2024-08-13 10:00:00', 2, '朱景豫', 'rjljqcf@gmail.com', '0940039396'),
(10, 1, '2024-07-05 03:38:57', '2024-08-28 10:00:00', 4, '韓林吾', 'cbakhbn@yahoo.com', '0986509626'),
(11, 1, '2024-07-05 00:24:09', '2024-08-21 11:00:00', 2, '錢景德', 'vyhhixz@yahoo.com', '0968857347'),
(12, 1, '2024-08-21 05:39:04', '2024-07-24 15:00:00', 3, '朱士景', 'zcsjrqx@aol.com', '0988942223'),
(13, 1, '2024-08-15 22:23:29', '2024-08-25 11:00:00', 3, '鄭士卿', 'ngljfpu@aol.com', '0974775128'),
(14, 0, '2024-08-17 03:50:55', '2024-08-24 12:00:00', 3, '華卿章', 'fgkizrh@gmail.com', '0917197061'),
(15, 1, '2024-07-18 10:32:25', '2024-07-13 15:00:00', 4, '秦林聖', 'osvobuv@aol.com', '0903989189'),
(16, 1, '2024-08-22 14:53:39', '2024-08-14 11:00:00', 1, '曹吾文', 'szivbot@gmail.com', '0932484651'),
(17, 1, '2024-08-31 06:54:13', '2024-07-19 11:00:00', 3, '陳吾軒', 'cxgibmi@yahoo.com', '0917616620'),
(18, 1, '2024-07-21 15:18:06', '2024-07-25 11:00:00', 1, '鄭德東', 'iszcmxe@aol.com', '0920212378'),
(19, 1, '2024-07-19 21:31:02', '2024-07-14 13:00:00', 1, '衛文豫', 'iwdaofg@hotmail.com', '0986240930'),
(20, 1, '2024-07-03 08:21:25', '2024-08-16 10:00:00', 1, '張玉丙', 'ezwutba@mail.com', '0970416839'),
(21, 1, '2024-07-31 19:14:28', '2024-07-31 12:00:00', 3, '施豫東', 'luevbzr@hotmail.com', '0941894917'),
(22, 1, '2024-07-04 02:00:04', '2024-07-05 16:00:00', 4, '楊癸丙', 'xvwnwng@yahoo.com', '0986292554'),
(23, 1, '2024-08-27 04:50:26', '2024-07-15 13:00:00', 2, '蔣軒丁', 'pyzximq@gmail.com', '0986741795'),
(24, 1, '2024-08-12 07:42:47', '2024-07-19 16:00:00', 1, '趙佩吾', 'gcgkxpe@hotmail.com', '0977417323'),
(25, 1, '2024-07-05 17:10:15', '2024-07-20 12:00:00', 4, '呂聖聖', 'tgwoqas@aol.com', '0966380346'),
(26, 1, '2024-07-19 15:02:48', '2024-08-27 15:00:00', 4, '蔣丁聖', 'fbccbrs@mail.com', '0968809534'),
(27, 1, '2024-08-08 05:42:44', '2024-07-26 14:00:00', 2, '華玉吾', 'edsicfc@hotmail.com', '0953454255'),
(28, 1, '2024-07-01 07:00:40', '2024-08-07 13:00:00', 4, '蔣章聖', 'qqwbebm@mail.com', '0948112282'),
(29, 1, '2024-08-30 13:50:26', '2024-07-20 14:00:00', 2, '嚴聖軒', 'deuuydv@gmail.com', '0947289330'),
(30, 1, '2024-08-18 17:46:55', '2024-08-21 15:00:00', 1, '錢卿文', 'kqpmcfp@aol.com', '0992557333'),
(31, 1, '2024-07-24 15:57:49', '2024-08-06 14:00:00', 4, '褚斗景', 'uxstmrr@aol.com', '0927735811'),
(32, 1, '2024-08-07 12:35:47', '2024-07-29 14:00:00', 1, '錢豫卿', 'ohjoxwk@gmail.com', '0914288016'),
(33, 0, '2024-07-15 02:48:06', '2024-08-22 10:00:00', 3, '衛豫卿', 'drhhfpm@gmail.com', '0917849518'),
(34, 1, '2024-07-27 20:31:59', '2024-07-21 16:00:00', 3, '沈東士', 'buwjjmf@hotmail.com', '0992932184'),
(35, 1, '2024-07-01 13:28:49', '2024-07-06 13:00:00', 4, '錢奎章', 'bvmsnur@yahoo.com', '0944222346'),
(36, 1, '2024-08-11 09:31:57', '2024-07-01 14:00:00', 4, '沈癸聖', 'gvzsckx@hotmail.com', '0971953838'),
(37, 1, '2024-07-07 05:29:49', '2024-07-12 10:00:00', 3, '朱東軒', 'vxnnzyj@aol.com', '0981748434'),
(38, 1, '2024-07-12 14:05:22', '2024-08-27 14:00:00', 1, '蔣佩癸', 'kawxbzd@mail.com', '0994009019'),
(39, 1, '2024-07-12 05:06:44', '2024-08-06 14:00:00', 4, '吳士奎', 'zwxkwiu@mail.com', '0922858074'),
(40, 1, '2024-08-18 15:45:00', '2024-08-06 12:00:00', 1, '呂軒丙', 'yttftkv@hotmail.com', '0962550988'),
(41, 1, '2024-08-26 07:23:35', '2024-08-08 13:00:00', 3, '楊葵卿', 'qzlepyo@mail.com', '0904010519'),
(42, 1, '2024-08-17 16:55:20', '2024-07-27 11:00:00', 1, '尤奎葵', 'luypljx@gmail.com', '0935227404'),
(43, 1, '2024-07-01 17:21:46', '2024-07-17 10:00:00', 1, '蔣聖豫', 'eldhool@gmail.com', '0997855407'),
(44, 1, '2024-07-31 21:41:06', '2024-08-16 16:00:00', 3, '秦聖聖', 'hvdtkah@hotmail.com', '0931713391'),
(45, 1, '2024-07-13 21:23:50', '2024-07-25 13:00:00', 4, '何軒軒', 'bgrthtj@gmail.com', '0974367099'),
(46, 1, '2024-07-30 15:06:54', '2024-07-14 14:00:00', 2, '孔林丁', 'ozjetar@hotmail.com', '0945369274'),
(47, 1, '2024-07-12 11:20:37', '2024-07-04 12:00:00', 1, '華玉卿', 'vurqtdd@gmail.com', '0948454653'),
(48, 1, '2024-08-31 16:54:08', '2024-08-07 14:00:00', 4, '吳德奎', 'kmfwdnr@gmail.com', '0948665652'),
(49, 1, '2024-07-30 07:03:17', '2024-08-23 13:00:00', 4, '馮斗寅', 'wwycnfn@hotmail.com', '0926551146'),
(50, 1, '2024-07-15 16:12:26', '2024-08-15 11:00:00', 2, '沈軒軒', 'dapddfj@aol.com', '0962080461'),
(52, 1, '2024-08-31 21:38:20', '2024-07-27 12:00:00', 4, '陶飛丁', 'iogajwq@aol.com', '0917587217'),
(53, 0, '2024-07-04 22:44:15', '2024-07-15 12:00:00', 2, '李吾丁', 'vfdnixh@aol.com', '0934887116'),
(54, 1, '2024-08-01 12:30:06', '2024-07-19 15:00:00', 2, '嚴寅癸', 'qxnuhrj@yahoo.com', '0943863776'),
(55, 1, '2024-07-30 00:01:01', '2024-07-17 16:00:00', 1, '張斗寅', 'rcyeouh@mail.com', '0962449191'),
(56, 1, '2024-07-27 18:07:28', '2024-07-10 13:00:00', 4, '衛景東', 'iahziyf@hotmail.com', '0949914235'),
(57, 1, '2024-07-18 23:03:42', '2024-07-05 16:00:00', 1, '衛佩奎', 'xmyoaea@yahoo.com', '0953490605'),
(58, 1, '2024-08-18 04:18:20', '2024-07-08 11:00:00', 2, '秦景林', 'ahelulp@aol.com', '0960031321'),
(59, 1, '2024-07-25 04:12:33', '2024-07-26 11:00:00', 1, '錢進聖', 'mckvfyb@aol.com', '0942853571'),
(60, 1, '2024-08-04 14:54:38', '2024-08-05 11:00:00', 3, '施進豫', 'qoieoyu@yahoo.com', '0996265242'),
(61, 1, '2024-08-24 18:37:24', '2024-08-14 16:00:00', 1, '趙佩寅', 'wyrkovc@yahoo.com', '0916092775'),
(62, 1, '2024-07-12 07:20:01', '2024-07-09 12:00:00', 4, '嚴林吾', 'tlpkzaz@aol.com', '0967186981'),
(63, 1, '2024-07-10 21:23:15', '2024-07-05 15:00:00', 3, '衛德士', 'tlcbzdy@yahoo.com', '0979054151'),
(64, 1, '2024-07-23 14:04:32', '2024-07-30 16:00:00', 2, '華吾軒', 'qfjwnqs@yahoo.com', '0975639349'),
(65, 1, '2024-08-11 19:05:23', '2024-07-04 14:00:00', 2, '馮士斗', 'vzjgfnu@aol.com', '0970787155'),
(66, 1, '2024-07-24 06:21:19', '2024-07-04 12:00:00', 3, '趙丁進', 'tchafex@aol.com', '0987041526'),
(67, 1, '2024-07-12 22:06:30', '2024-08-05 15:00:00', 2, '張德進', 'uwftpdw@aol.com', '0972670530'),
(68, 1, '2024-07-25 01:22:37', '2024-08-01 12:00:00', 4, '褚士吾', 'bvgpgsk@aol.com', '0985577715'),
(69, 1, '2024-08-30 05:38:27', '2024-07-30 12:00:00', 3, '沈吾葵', 'brkrxhm@aol.com', '0989883641'),
(70, 1, '2024-07-18 15:27:09', '2024-07-15 11:00:00', 3, '錢奎葵', 'cqqqkyv@hotmail.com', '0957566136'),
(71, 1, '2024-08-18 12:52:18', '2024-07-27 11:00:00', 3, '嚴林斗', 'lceuyzc@hotmail.com', '0953078762'),
(72, 1, '2024-08-26 14:09:15', '2024-07-28 10:00:00', 3, '秦飛丁', 'sbmhkpb@hotmail.com', '0922927893'),
(73, 1, '2024-07-02 04:15:08', '2024-08-29 11:00:00', 3, '周聖章', 'luknigo@mail.com', '0908565992'),
(74, 0, '2024-07-23 23:00:16', '2024-08-31 11:00:00', 4, '李斗吾', 'lnfijlz@gmail.com', '0922996395'),
(75, 1, '2024-07-13 20:01:18', '2024-07-12 16:00:00', 1, '朱丙奎', 'xhcvvhh@aol.com', '0954975442'),
(76, 1, '2024-08-05 22:53:45', '2024-07-31 10:00:00', 1, '王斗葵', 'vcoawrx@aol.com', '0969853479'),
(77, 1, '2024-07-18 09:11:56', '2024-07-01 16:00:00', 3, '褚寅癸', 'hnvuery@gmail.com', '0959621637'),
(78, 1, '2024-08-25 08:38:11', '2024-08-30 16:00:00', 3, '魏斗丁', 'uajnssa@yahoo.com', '0944447180'),
(79, 1, '2024-07-17 17:36:25', '2024-07-31 11:00:00', 1, '吳章癸', 'sevxmzl@gmail.com', '0970073309'),
(80, 1, '2024-08-08 15:25:19', '2024-07-18 15:00:00', 2, '秦寅豫', 'eqoajpj@mail.com', '0948167235'),
(81, 1, '2024-08-12 21:04:05', '2024-07-08 12:00:00', 3, '李章聖', 'zbqhbwn@mail.com', '0969122596'),
(82, 1, '2024-07-03 09:06:01', '2024-08-26 10:00:00', 1, '何東吾', 'mlysyhh@yahoo.com', '0939733046'),
(83, 1, '2024-08-07 07:02:05', '2024-08-31 14:00:00', 3, '陶佩卿', 'rwqalik@mail.com', '0981533505'),
(84, 1, '2024-07-05 12:49:12', '2024-08-30 11:00:00', 4, '朱文豫', 'xzwchrm@hotmail.com', '0971645995'),
(85, 1, '2024-07-14 07:01:00', '2024-07-25 14:00:00', 1, '秦飛林', 'fblnnxk@hotmail.com', '0971330910'),
(86, 1, '2024-07-21 15:10:10', '2024-07-14 10:00:00', 4, '楊東軒', 'tyybiba@hotmail.com', '0939417006'),
(87, 1, '2024-07-15 01:36:14', '2024-08-16 14:00:00', 2, '許景吾', 'dbzhvie@mail.com', '0997126718'),
(88, 1, '2024-08-31 07:16:00', '2024-07-02 15:00:00', 3, '衛東寅', 'dxcllsb@aol.com', '0942956182'),
(89, 1, '2024-08-08 03:23:59', '2024-07-31 15:00:00', 1, '周寅佩', 'bgzhdsn@mail.com', '0984433391'),
(90, 1, '2024-08-21 18:45:55', '2024-07-07 11:00:00', 3, '尤文吾', 'ykqunyk@yahoo.com', '0928030735'),
(91, 1, '2024-07-15 16:18:41', '2024-08-13 16:00:00', 1, '陳豫林', 'qvifqsj@hotmail.com', '0979208613'),
(92, 1, '2024-08-27 03:05:21', '2024-07-27 12:00:00', 3, '馮文豫', 'dhdjirl@mail.com', '0979601832'),
(93, 1, '2024-08-25 06:09:32', '2024-07-08 16:00:00', 1, '沈景佩', 'qkxzxvl@hotmail.com', '0923679508'),
(94, 1, '2024-08-19 00:18:10', '2024-08-14 10:00:00', 3, '蔣玉進', 'aqguvii@hotmail.com', '0920853136'),
(95, 0, '2024-07-17 23:54:04', '2024-07-18 14:00:00', 4, '吳軒德', 'yqkjrla@gmail.com', '0910600384'),
(96, 1, '2024-08-17 01:45:08', '2024-07-22 16:00:00', 1, '許景癸', 'vluntyp@hotmail.com', '0958114730'),
(97, 1, '2024-07-31 20:01:03', '2024-08-27 12:00:00', 3, '華文斗', 'qfedkgd@mail.com', '0994094049'),
(98, 1, '2024-07-26 18:10:09', '2024-08-31 14:00:00', 4, '何吾卿', 'aqiieza@gmail.com', '0900529891'),
(99, 1, '2024-08-28 20:13:25', '2024-07-02 10:00:00', 4, '陶士葵', 'bhlaxqc@hotmail.com', '0906735285'),
(100, 1, '2024-07-17 13:56:43', '2024-07-31 15:00:00', 4, '金景奎', 'eqbjggm@mail.com', '0977568080'),
(101, 1, '2024-08-24 19:58:36', '2024-07-18 11:00:00', 1, '沈斗丙', 'raxmvbx@gmail.com', '0945732997'),
(103, 1, '2024-08-04 01:39:13', '2024-07-20 15:00:00', 1, '吳聖丙', 'knukbsg@aol.com', '0960675599'),
(104, 1, '2024-07-04 08:58:08', '2024-07-26 15:00:00', 2, '鄭奎寅', 'dzqgfbw@hotmail.com', '0924880960'),
(105, 1, '2024-08-23 18:52:07', '2024-07-30 13:00:00', 1, '何吾景', 'pprynlb@yahoo.com', '0914277440'),
(106, 1, '2024-07-25 09:15:27', '2024-07-17 15:00:00', 1, '嚴豫葵', 'tinzwql@aol.com', '0916660882'),
(107, 1, '2024-07-16 10:09:22', '2024-07-26 13:00:00', 4, '李飛文', 'abqwgxi@yahoo.com', '0906487146'),
(108, 1, '2024-07-02 07:12:58', '2024-07-26 10:00:00', 2, '孔丁玉', 'dufwlpd@mail.com', '0947503819'),
(109, 1, '2024-08-30 13:55:47', '2024-08-07 16:00:00', 4, '何奎佩', 'tpzhzff@mail.com', '0920592707'),
(110, 0, '2024-08-29 11:31:17', '2024-08-30 12:00:00', 1, '陶文斗', 'goxugqp@yahoo.com', '0995679666'),
(111, 1, '2024-07-18 06:03:41', '2024-08-11 14:00:00', 2, '何軒寅', 'hccvdoo@gmail.com', '0904805164'),
(112, 1, '2024-07-06 20:21:53', '2024-07-24 16:00:00', 2, '王佩進', 'pscvmpj@aol.com', '0983695643'),
(113, 1, '2024-07-13 10:48:56', '2024-08-30 16:00:00', 3, '李章林', 'ublqvqj@aol.com', '0910824980'),
(114, 1, '2024-08-19 18:07:01', '2024-07-25 14:00:00', 4, '李葵佩', 'qhixpag@yahoo.com', '0971260402'),
(115, 1, '2024-08-18 04:48:55', '2024-07-19 10:00:00', 1, '馮飛葵', 'vjiitkb@mail.com', '0914329235'),
(116, 1, '2024-08-21 11:53:07', '2024-07-14 13:00:00', 2, '朱聖寅', 'wqpapqu@gmail.com', '0929705112'),
(117, 1, '2024-07-22 11:35:34', '2024-08-28 15:00:00', 3, '施丁豫', 'iprufgz@gmail.com', '0964231940'),
(118, 1, '2024-07-07 12:29:05', '2024-07-08 15:00:00', 2, '馮吾士', 'pflvmcg@hotmail.com', '0930344551'),
(119, 1, '2024-08-03 23:37:06', '2024-08-22 13:00:00', 1, '呂癸林', 'dkstjrx@gmail.com', '0925046413'),
(120, 1, '2024-07-13 21:26:02', '2024-08-04 14:00:00', 3, '張章林', 'bvhaznd@gmail.com', '0937761364'),
(121, 1, '2024-07-19 15:47:46', '2024-08-28 16:00:00', 1, '朱玉豫', 'ixqqrbv@yahoo.com', '0953673729'),
(122, 1, '2024-07-11 08:45:26', '2024-08-05 14:00:00', 4, '華卿文', 'ytecxwj@yahoo.com', '0908582245'),
(123, 1, '2024-07-14 12:53:51', '2024-08-31 13:00:00', 3, '華奎德', 'wdjsqoj@yahoo.com', '0929495211'),
(124, 1, '2024-07-08 19:20:03', '2024-08-25 16:00:00', 1, '華卿進', 'lyjscaw@yahoo.com', '0967612933'),
(125, 1, '2024-08-13 22:43:09', '2024-08-18 13:00:00', 3, '尤德卿', 'synkspf@mail.com', '0953981262'),
(126, 1, '2024-08-15 13:28:38', '2024-07-30 11:00:00', 3, '嚴奎丁', 'temavsb@aol.com', '0905056459'),
(127, 0, '2024-07-22 18:10:03', '2024-08-17 11:00:00', 4, '孔軒斗', 'erfvnzb@hotmail.com', '0909266991'),
(128, 1, '2024-08-28 15:44:02', '2024-07-04 10:00:00', 3, '吳豫玉', 'powable@yahoo.com', '0949741611'),
(129, 1, '2024-08-12 07:21:49', '2024-07-11 11:00:00', 4, '趙吾卿', 'morjuyo@aol.com', '0906683761'),
(130, 1, '2024-08-24 08:58:54', '2024-08-04 11:00:00', 3, '魏佩飛', 'nenuopq@gmail.com', '0915730367'),
(131, 1, '2024-07-24 03:40:22', '2024-08-22 16:00:00', 2, '朱寅卿', 'jnwocbu@aol.com', '0929735143'),
(132, 1, '2024-08-28 03:00:35', '2024-08-16 11:00:00', 2, '褚葵章', 'ibkasir@mail.com', '0987646103'),
(133, 1, '2024-08-19 08:01:19', '2024-08-12 13:00:00', 3, '施德士', 'golxdab@gmail.com', '0936893130'),
(134, 1, '2024-07-13 16:42:32', '2024-07-26 14:00:00', 1, '周林葵', 'naonvoe@gmail.com', '0977289337'),
(135, 1, '2024-08-29 21:15:27', '2024-07-26 16:00:00', 1, '許飛進', 'zcvzzil@yahoo.com', '0901668435'),
(136, 1, '2024-08-19 18:54:40', '2024-08-18 14:00:00', 4, '楊癸林', 'mdmbtfj@yahoo.com', '0962437831'),
(137, 1, '2024-08-06 13:45:44', '2024-08-29 13:00:00', 3, '韓佩東', 'otyjilr@yahoo.com', '0997968754'),
(138, 1, '2024-07-30 10:03:07', '2024-07-19 15:00:00', 2, '陳卿玉', 'euokwdg@mail.com', '0918353378'),
(139, 1, '2024-08-17 15:51:34', '2024-07-07 16:00:00', 3, '何佩士', 'nabzuku@hotmail.com', '0950138306'),
(140, 1, '2024-07-28 21:24:02', '2024-07-22 10:00:00', 2, '許德林', 'dvglcol@yahoo.com', '0941838001'),
(141, 1, '2024-07-10 02:31:36', '2024-07-09 16:00:00', 3, '尤林玉', 'bdrdgqm@yahoo.com', '0977038085'),
(142, 1, '2024-08-09 23:02:29', '2024-08-28 12:00:00', 4, '王斗寅', 'kgbpmyk@hotmail.com', '0951579028'),
(143, 1, '2024-08-02 09:49:13', '2024-08-04 14:00:00', 1, '鄭斗聖', 'bdmwmzd@hotmail.com', '0976452457'),
(144, 1, '2024-08-19 14:56:51', '2024-08-13 12:00:00', 3, '趙文葵', 'rembjzk@gmail.com', '0955179059'),
(145, 1, '2024-07-29 00:43:43', '2024-07-24 13:00:00', 2, '錢玉林', 'avxjkgx@mail.com', '0998127934'),
(146, 1, '2024-08-24 18:36:10', '2024-08-12 16:00:00', 2, '褚葵章', 'suqlbdc@yahoo.com', '0954269213'),
(147, 1, '2024-07-01 04:12:04', '2024-07-12 11:00:00', 3, '張進吾', 'dvqmwqh@hotmail.com', '0920253143'),
(148, 1, '2024-08-17 03:51:04', '2024-08-15 15:00:00', 2, '陶丁進', 'tojaory@mail.com', '0911284744'),
(149, 1, '2024-08-14 22:33:23', '2024-08-29 13:00:00', 4, '周東聖', 'bujtspj@yahoo.com', '0973578915'),
(150, 1, '2024-07-28 19:04:01', '2024-08-11 11:00:00', 4, '許東東', 'oiethfb@mail.com', '0925771457'),
(151, 1, '2024-08-13 09:26:24', '2024-08-27 10:00:00', 1, '秦丙飛', 'najenua@yahoo.com', '0985451002'),
(152, 1, '2024-07-27 07:51:55', '2024-07-29 11:00:00', 1, '李德豫', 'hceinne@hotmail.com', '0953527881'),
(153, 1, '2024-07-26 19:18:26', '2024-07-29 15:00:00', 50, 'brianchen', 'brianchen@gmail.com', '0933412332'),
(154, 1, '2024-07-26 19:19:31', '2024-07-29 12:00:00', 50, 'neliliu', 'neliliu@gmail.com', '0933567891');

-- --------------------------------------------------------

--
-- 資料表結構 `userInfo`
--

CREATE TABLE `userInfo` (
  `userID` smallint(6) NOT NULL,
  `userExist` tinyint(4) DEFAULT 1,
  `userName` varchar(100) DEFAULT NULL,
  `userAccount` varchar(50) DEFAULT NULL,
  `userPassword` varchar(100) DEFAULT NULL,
  `userTitle` varchar(20) NOT NULL,
  `userEmail` varchar(100) DEFAULT NULL
) ENGINE=InnoDB DEFAULT CHARSET=utf8mb4 COLLATE=utf8mb4_general_ci;

--
-- 傾印資料表的資料 `userInfo`
--

INSERT INTO `userInfo` (`userID`, `userExist`, `userName`, `userAccount`, `userPassword`, `userTitle`, `userEmail`) VALUES
(1, 1, 'Brian', 'brianchen', '$2y$10$ph4yz.OQGz6ehUjCeQEFLuHxIwrqirs.ybTlxDNNxm.hte3qSH3JS', 'boss', 'brianchen@gamil.com'),
(2, 1, 'mary', 'maryliu', '$2y$10$/N46ejLBSjEUQ04aC39aE.r0iG0NSHh9.AIgGtOO1ZY5Zd98NRnIy', 'market', 'maryliu@gmail.com'),
(3, 1, 'Bob', 'bobchen', '$2y$10$lCOPiNlaRQE.juH1hsAk/usqtIIWefF8o0P3MwmVlM7sVLg0G2YLa', 'engineer', 'bobchen@gmail.com');

-- --------------------------------------------------------

--
-- 資料表結構 `web`
--

CREATE TABLE `web` (
  `id` int(11) NOT NULL,
  `webStatus` int(11) NOT NULL
) ENGINE=InnoDB DEFAULT CHARSET=utf8mb4 COLLATE=utf8mb4_general_ci;

--
-- 傾印資料表的資料 `web`
--

INSERT INTO `web` (`id`, `webStatus`) VALUES
(1, 1);

--
-- 已傾印資料表的索引
--

--
-- 資料表索引 `cafeBooking`
--
ALTER TABLE `cafeBooking`
  ADD PRIMARY KEY (`cafeBookingID`),
  ADD KEY `bookingName` (`bookingName`),
  ADD KEY `bookingExist` (`bookingExist`);

--
-- 資料表索引 `menuItem`
--
ALTER TABLE `menuItem`
  ADD PRIMARY KEY (`itemID`),
  ADD KEY `itemName` (`itemName`),
  ADD KEY `itemPrice` (`itemPrice`),
  ADD KEY `itemMain` (`itemMain`),
  ADD KEY `menuExist` (`menuExist`),
  ADD KEY `itemType` (`itemType`);

--
-- 資料表索引 `orderlist`
--
ALTER TABLE `orderlist`
  ADD PRIMARY KEY (`orderID`),
  ADD KEY `productID` (`orderProductID`),
  ADD KEY `orderExist` (`orderExist`);

--
-- 資料表索引 `product`
--
ALTER TABLE `product`
  ADD PRIMARY KEY (`productID`),
  ADD KEY `productMain` (`productMain`),
  ADD KEY `productName` (`productName`),
  ADD KEY `productPrice` (`productPrice`),
  ADD KEY `productExist` (`productExist`),
  ADD KEY `productType` (`productType`),
  ADD KEY `storeOnly` (`storeOnly`);

--
-- 資料表索引 `productDiscount`
--
ALTER TABLE `productDiscount`
  ADD PRIMARY KEY (`discountID`) USING BTREE,
  ADD KEY `productDiscountEnd` (`productDiscountEnd`),
  ADD KEY `productDiscountPrice` (`productDiscountPrice`),
  ADD KEY `productDiscountPercent` (`productDiscountPercent`),
  ADD KEY `productDiscountBool` (`productDiscountBool`),
  ADD KEY `productDiscountStart` (`productDiscountStart`),
  ADD KEY `productID` (`discountProductID`);

--
-- 資料表索引 `productImg`
--
ALTER TABLE `productImg`
  ADD PRIMARY KEY (`imgId`),
  ADD KEY `productID` (`imgProductID`);

--
-- 資料表索引 `storeBooking`
--
ALTER TABLE `storeBooking`
  ADD PRIMARY KEY (`storeBookingID`),
  ADD KEY `storeBookingExist` (`storeBookingExist`);

--
-- 資料表索引 `userInfo`
--
ALTER TABLE `userInfo`
  ADD PRIMARY KEY (`userID`),
  ADD KEY `userExist` (`userExist`);

--
-- 資料表索引 `web`
--
ALTER TABLE `web`
  ADD PRIMARY KEY (`id`) USING BTREE;

--
-- 在傾印的資料表使用自動遞增(AUTO_INCREMENT)
--

--
-- 使用資料表自動遞增(AUTO_INCREMENT) `cafeBooking`
--
ALTER TABLE `cafeBooking`
  MODIFY `cafeBookingID` int(11) NOT NULL AUTO_INCREMENT, AUTO_INCREMENT=154;

--
-- 使用資料表自動遞增(AUTO_INCREMENT) `menuItem`
--
ALTER TABLE `menuItem`
  MODIFY `itemID` int(11) NOT NULL AUTO_INCREMENT, AUTO_INCREMENT=28;

--
-- 使用資料表自動遞增(AUTO_INCREMENT) `orderlist`
--
ALTER TABLE `orderlist`
  MODIFY `orderID` int(11) NOT NULL AUTO_INCREMENT, AUTO_INCREMENT=42;

--
-- 使用資料表自動遞增(AUTO_INCREMENT) `product`
--
ALTER TABLE `product`
  MODIFY `productID` int(11) NOT NULL AUTO_INCREMENT, AUTO_INCREMENT=47;

--
-- 使用資料表自動遞增(AUTO_INCREMENT) `productDiscount`
--
ALTER TABLE `productDiscount`
  MODIFY `discountID` int(11) NOT NULL AUTO_INCREMENT;

--
-- 使用資料表自動遞增(AUTO_INCREMENT) `productImg`
--
ALTER TABLE `productImg`
  MODIFY `imgId` int(11) NOT NULL AUTO_INCREMENT, AUTO_INCREMENT=124;

--
-- 使用資料表自動遞增(AUTO_INCREMENT) `storeBooking`
--
ALTER TABLE `storeBooking`
  MODIFY `storeBookingID` int(11) NOT NULL AUTO_INCREMENT, AUTO_INCREMENT=157;

--
-- 使用資料表自動遞增(AUTO_INCREMENT) `userInfo`
--
ALTER TABLE `userInfo`
  MODIFY `userID` smallint(6) NOT NULL AUTO_INCREMENT, AUTO_INCREMENT=12;

--
-- 使用資料表自動遞增(AUTO_INCREMENT) `web`
--
ALTER TABLE `web`
  MODIFY `id` int(11) NOT NULL AUTO_INCREMENT, AUTO_INCREMENT=2;

--
-- 已傾印資料表的限制式
--

--
-- 資料表的限制式 `orderlist`
--
ALTER TABLE `orderlist`
  ADD CONSTRAINT `product2` FOREIGN KEY (`orderProductID`) REFERENCES `product` (`productID`);

--
-- 資料表的限制式 `productDiscount`
--
ALTER TABLE `productDiscount`
  ADD CONSTRAINT `p` FOREIGN KEY (`discountProductID`) REFERENCES `test` (`productID`);

--
-- 資料表的限制式 `productImg`
--
ALTER TABLE `productImg`
  ADD CONSTRAINT `p2` FOREIGN KEY (`imgProductID`) REFERENCES `product` (`productID`);
COMMIT;

/*!40101 SET CHARACTER_SET_CLIENT=@OLD_CHARACTER_SET_CLIENT */;
/*!40101 SET CHARACTER_SET_RESULTS=@OLD_CHARACTER_SET_RESULTS */;
/*!40101 SET COLLATION_CONNECTION=@OLD_COLLATION_CONNECTION */;
